gender,count,char,position,pinyin
m,13711,文,1,wen
m,12760,志,1,zhi
m,11750,国,1,guo
m,11692,建,1,jian
m,11484,永,1,yong
m,8860,世,1,shi
m,8815,明,1,ming
m,8730,德,1,de
m,7683,晓,1,xiao
m,7535,金,1,jin
m,7511,海,1,hai
m,6768,伟,1,wei
m,6650,子,1,zi
m,6645,家,1,jia
m,6459,振,1,zhen
m,6366,大,1,da
m,6183,立,1,li
m,5934,俊,1,jun
m,5727,玉,1,yu
m,5607,庆,1,qing
m,5596,新,1,xin
m,5373,天,1,tian
m,5274,正,1,zheng
m,5271,学,1,xue
m,5253,光,1,guang
m,5152,洪,1,hong
m,5048,成,1,cheng
m,4852,长,1,zhang
m,4625,东,1,dong
m,4553,少,1,shao
m,4318,兴,1,xing
m,4168,忠,1,zhong
m,4164,云,1,yun
m,4153,华,1,hua
m,3953,广,1,guang
m,3942,春,1,chun
m,3940,荣,1,rong
m,3921,宏,1,hong
m,3808,福,1,fu
m,3722,宝,1,bao
m,3525,泽,1,ze
m,3476,继,1,ji
m,3326,树,1,shu
m,3247,维,1,wei
m,3097,元,1,yuan
m,3074,宗,1,zong
m,3056,启,1,qi
m,3052,中,1,zhong
m,2971,昌,1,chang
m,2955,宇,1,yu
m,2941,传,1,chuan
m,2907,智,1,zhi
m,2903,景,1,jing
m,2793,万,1,wan
m,2757,军,1,jun
m,2750,一,1,yi
m,2742,卫,1,wei
m,2670,瑞,1,rui
m,2624,士,1,shi
m,2574,祖,1,zu
m,2556,克,1,ke
m,2554,红,1,hong
m,2533,祥,1,xiang
m,2516,旭,1,xu
m,2497,浩,1,hao
m,2471,亚,1,ya
m,2462,绍,1,shao
m,2454,仁,1,ren
m,2447,林,1,lin
m,2447,兆,1,zhao
m,2428,龙,1,long
m,2371,朝,1,chao
m,2348,良,1,liang
m,2331,胜,1,sheng
m,2265,培,1,pei
m,2254,耀,1,yao
m,2225,鹏,1,peng
m,2223,安,1,an
m,2222,江,1,jiang
m,2215,远,1,yuan
m,2210,剑,1,jian
m,2137,汉,1,han
m,2128,锦,1,jin
m,2085,松,1,song
m,2043,勇,1,yong
m,2037,友,1,you
m,2031,清,1,qing
m,2019,义,1,yi
m,2011,思,1,si
m,1999,先,1,xian
m,1996,有,1,you
m,1994,延,1,yan
m,1991,炳,1,bing
m,1974,健,1,jian
m,1964,开,1,kai
m,1944,嘉,1,jia
m,1921,彦,1,yan
m,1902,吉,1,ji
m,1898,利,1,li
m,1865,贵,1,gui
m,1859,鸿,1,hong
m,1826,进,1,jin
m,1824,道,1,dao
m,1812,茂,1,mao
m,1761,保,1,bao
m,1760,方,1,fang
m,1760,佳,1,jia
m,1712,其,1,qi
m,1697,顺,1,shun
m,1678,英,1,ying
m,1643,承,1,cheng
m,1627,向,1,xiang
m,1606,书,1,shu
m,1587,连,1,lian
m,1577,富,1,fu
m,1548,全,1,quan
m,1542,贤,1,xian
m,1500,敬,1,jing
m,1500,跃,1,yue
m,1462,凯,1,kai
m,1432,圣,1,sheng
m,1423,高,1,gao
m,1411,超,1,chao
m,1404,孝,1,xiao
m,1396,运,1,yun
m,1392,占,1,zhan
m,1383,日,1,ri
m,1360,星,1,xing
m,1346,生,1,sheng
m,1312,仲,1,zhong
m,1294,恩,1,en
m,1284,增,1,zeng
m,1275,守,1,shou
m,1266,武,1,wu
m,1265,辉,1,hui
m,1263,益,1,yi
m,1256,杰,1,jie
m,1256,发,1,fa
m,1254,铁,1,tie
m,1248,乐,1,le
m,1222,力,1,li
m,1219,加,1,jia
m,1215,怀,1,huai
m,1213,定,1,ding
m,1205,治,1,zhi
m,1205,锡,1,xi
m,1202,恒,1,heng
m,1190,博,1,bo
m,1189,希,1,xi
m,1186,平,1,ping
m,1178,本,1,ben
m,1173,显,1,xian
m,1149,爱,1,ai
m,1147,仕,1,shi
m,1141,善,1,shan
m,1135,尚,1,shang
m,1119,伯,1,bo
m,1116,飞,1,fei
m,1114,应,1,ying
m,1092,鑫,1,xin
m,1092,崇,1,chong
m,1076,根,1,gen
m,1074,雪,1,xue
m,1071,毅,1,yi
m,1055,康,1,kang
m,1047,柏,1,bai
m,1031,焕,1,huan
m,1008,和,1,he
m,999,廷,1,ting
m,998,斌,1,bin
m,991,礼,1,li
m,979,坤,1,kun
m,962,太,1,tai
m,959,水,1,shui
m,954,达,1,da
m,941,盛,1,sheng
m,933,三,1,san
m,930,强,1,qiang
m,930,青,1,qing
m,925,同,1,tong
m,919,为,1,wei
m,913,喜,1,xi
m,912,宪,1,xian
m,905,亮,1,liang
m,905,哲,1,zhe
m,900,政,1,zheng
m,899,铭,1,ming
m,895,登,1,deng
m,894,会,1,hui
m,892,银,1,yin
m,891,凤,1,feng
m,888,雄,1,xiong
m,886,惠,1,hui
m,881,作,1,zuo
m,849,自,1,zi
m,848,桂,1,gui
m,843,双,1,shuang
m,840,奇,1,qi
m,823,相,1,xiang
m,822,寿,1,shou
m,819,育,1,yu
m,818,西,1,xi
m,817,来,1,lai
m,802,阳,1,yang
m,799,如,1,ru
m,789,冠,1,guan
m,786,敏,1,min
m,777,才,1,cai
m,766,晨,1,chen
m,761,业,1,ye
m,757,润,1,run
m,753,震,1,zhen
m,749,昭,1,zhao
m,745,信,1,xin
m,738,峰,1,feng
m,738,纪,1,ji
m,738,凡,1,fan
m,733,秀,1,xiu
m,731,裕,1,yu
m,723,科,1,ke
m,722,源,1,yuan
m,721,君,1,jun
m,704,兵,1,bing
m,704,章,1,zhang
m,697,修,1,xiu
m,696,二,1,er
m,687,波,1,bo
m,685,晋,1,jin
m,676,涛,1,tao
m,674,丰,1,feng
m,673,常,1,chang
m,671,灿,1,can
m,666,石,1,shi
m,666,存,1,cun
m,662,刚,1,gang
m,662,昊,1,hao
m,660,翔,1,xiang
m,652,森,1,sen
m,651,雷,1,lei
m,647,秋,1,qiu
m,644,腾,1,teng
m,642,岩,1,yan
m,641,帅,1,shuai
m,636,民,1,min
m,628,威,1,wei
m,626,磊,1,lei
m,619,从,1,cong
m,616,之,1,zhi
m,615,代,1,dai
m,596,久,1,jiu
m,594,扬,1,yang
m,592,孟,1,meng
m,576,岳,1,yue
m,576,邦,1,bang
m,574,可,1,ke
m,573,绪,1,xu
m,569,镇,1,zhen
m,569,山,1,shan
m,563,炜,1,wei
m,562,乃,1,nai
m,561,栋,1,dong
m,560,汝,1,ru
m,551,以,1,yi
m,548,虎,1,hu
m,544,秉,1,bing
m,541,京,1,jing
m,538,宜,1,yi
m,534,令,1,ling
m,533,泉,1,quan
m,521,南,1,nan
m,519,炎,1,yan
m,511,锐,1,rui
m,507,得,1,de
m,502,厚,1,hou
m,499,殿,1,dian
m,498,坚,1,jian
m,496,升,1,sheng
m,496,雨,1,yu
m,494,锋,1,feng
m,493,迪,1,di
m,486,钦,1,qin
m,486,照,1,zhao
m,479,冬,1,dong
m,476,川,1,chuan
m,473,经,1,jing
m,471,时,1,shi
m,466,再,1,zai
m,465,诚,1,cheng
m,465,献,1,xian
m,464,诗,1,shi
m,458,劲,1,jin
m,457,行,1,xing
m,453,泰,1,tai
m,452,昆,1,kun
m,431,月,1,yue
m,428,观,1,guan
m,426,旺,1,wang
m,421,展,1,zhan
m,419,木,1,mu
m,417,燕,1,yan
m,409,鹤,1,he
m,409,骏,1,jun
m,409,能,1,neng
m,405,逸,1,yi
m,405,凌,1,ling
m,404,乾,1,qian
m,394,周,1,zhou
m,393,煜,1,yu
m,388,名,1,ming
m,388,四,1,si
m,387,重,1,zhong
m,385,彬,1,bin
m,382,皓,1,hao
m,379,百,1,bai
m,379,允,1,yun
m,377,理,1,li
m,377,航,1,hang
m,377,豪,1,hao
m,375,熙,1,xi
m,375,化,1,hua
m,374,鲁,1,lu
m,374,济,1,ji
m,370,奕,1,yi
m,369,均,1,jun
m,369,卓,1,zhuo
m,368,征,1,zheng
m,366,庭,1,ting
m,366,奎,1,kui
m,366,亦,1,yi
m,364,洋,1,yang
m,363,程,1,cheng
m,357,前,1,qian
m,348,路,1,lu
m,348,通,1,tong
m,347,言,1,yan
m,345,群,1,qun
m,342,付,1,fu
m,340,基,1,ji
m,338,钟,1,zhong
m,335,贺,1,he
m,334,召,1,zhao
m,334,心,1,xin
m,332,述,1,shu
m,332,慧,1,hui
m,328,齐,1,qi
m,327,火,1,huo
m,326,隆,1,long
m,325,宣,1,xuan
m,324,战,1,zhan
m,322,声,1,sheng
m,322,梓,1,zi
m,322,必,1,bi
m,318,弘,1,hong
m,318,艳,1,yan
m,317,衍,1,yan
m,317,法,1,fa
m,316,黎,1,li
m,315,寅,1,yin
m,315,宁,1,ning
m,315,功,1,gong
m,314,权,1,quan
m,313,冲,1,chong
m,310,丙,1,bing
m,310,峻,1,jun
m,305,起,1,qi
m,305,佑,1,you
m,302,阿,1,a
m,301,曙,1,shu
m,296,靖,1,jing
m,294,啸,1,xiao
m,292,尧,1,yao
m,292,风,1,feng
m,291,攀,1,pan
m,290,致,1,zhi
m,288,伦,1,lun
m,287,品,1,pin
m,287,添,1,tian
m,284,北,1,bei
m,282,渊,1,yuan
m,281,鼎,1,ding
m,280,宾,1,bin
m,279,壮,1,zhuang
m,278,美,1,mei
m,277,杨,1,yang
m,275,钢,1,gang
m,275,钧,1,jun
m,275,纯,1,chun
m,272,彪,1,biao
m,272,望,1,wang
m,271,九,1,jiu
m,268,联,1,lian
m,267,硕,1,shuo
m,266,滨,1,bin
m,266,勤,1,qin
m,266,若,1,ruo
m,266,沛,1,pei
m,265,公,1,gong
m,264,繁,1,fan
m,264,效,1,xiao
m,264,艺,1,yi
m,263,城,1,cheng
m,260,轩,1,xuan
m,255,猛,1,meng
m,254,河,1,he
m,252,人,1,ren
m,251,迎,1,ying
m,250,帮,1,bang
m,249,任,1,ren
m,249,满,1,man
m,248,谦,1,qian
m,248,念,1,nian
m,247,原,1,yuan
m,246,余,1,yu
m,240,宽,1,kuan
m,238,合,1,he
m,238,湘,1,xiang
m,238,现,1,xian
m,237,麟,1,lin
m,233,师,1,shi
m,232,井,1,jing
m,231,鸣,1,ming
m,227,申,1,shen
m,226,官,1,guan
m,226,野,1,ye
m,226,普,1,pu
m,225,翼,1,yi
m,224,焱,1,yan
m,223,翰,1,han
m,223,叶,1,ye
m,222,田,1,tian
m,221,楚,1,chu
m,220,韶,1,shao
m,219,柱,1,zhu
m,219,步,1,bu
m,218,在,1,zai
m,217,关,1,guan
m,214,勋,1,xun
m,213,岗,1,gang
m,213,挺,1,ting
m,213,复,1,fu
m,212,知,1,zhi
m,211,梁,1,liang
m,210,洲,1,zhou
m,210,赞,1,zan
m,209,尔,1,er
m,208,澄,1,cheng
m,207,钊,1,zhao
m,205,佐,1,zuo
m,204,敦,1,dun
m,204,留,1,liu
m,203,甲,1,jia
m,201,烈,1,lie
m,199,韬,1,tao
m,199,印,1,yin
m,198,逢,1,feng
m,197,晟,1,cheng
m,197,于,1,yu
m,196,臣,1,chen
m,196,巨,1,ju
m,196,泓,1,hong
m,195,浪,1,lang
m,193,巍,1,wei
m,192,丁,1,ding
m,190,镜,1,jing
m,189,炯,1,jiong
m,188,毓,1,yu
m,187,衡,1,heng
m,184,戈,1,ge
m,184,训,1,xun
m,183,典,1,dian
m,183,瀚,1,han
m,181,梦,1,meng
m,180,放,1,fang
m,180,玄,1,xuan
m,179,标,1,biao
m,179,禄,1,lu
m,178,选,1,xuan
m,175,千,1,qian
m,174,舜,1,shun
m,173,争,1,zheng
m,173,越,1,yue
m,172,细,1,xi
m,171,甫,1,fu
m,171,则,1,ze
m,168,见,1,jian
m,165,斯,1,si
m,165,儒,1,ru
m,162,琨,1,kun
m,162,祺,1,qi
m,162,键,1,jian
m,162,李,1,li
m,161,淳,1,chun
m,161,堂,1,tang
m,161,朗,1,lang
m,160,臻,1,zhen
m,158,魁,1,kui
m,158,雁,1,yan
m,157,麒,1,qi
m,157,孔,1,kong
m,156,颂,1,song
m,154,嵩,1,song
m,154,年,1,nian
m,154,欣,1,xin
m,153,里,1,li
m,153,财,1,cai
m,152,深,1,shen
m,152,鉴,1,jian
m,150,肇,1,zhao
m,149,实,1,shi
m,149,季,1,ji
m,147,涌,1,yong
m,147,闯,1,chuang
m,146,苏,1,su
m,145,静,1,jing
m,145,芳,1,fang
m,145,刘,1,liu
m,143,灵,1,ling
m,143,张,1,zhang
m,142,积,1,ji
m,139,潮,1,chao
m,139,辰,1,chen
m,137,驰,1,chi
m,137,介,1,jie
m,135,策,1,ce
m,134,楷,1,kai
m,133,陈,1,chen
m,132,际,1,ji
m,131,慎,1,shen
m,130,迅,1,xun
m,130,侃,1,kan
m,129,煌,1,huang
m,129,昱,1,yu
m,128,特,1,te
m,128,昂,1,ang
m,128,竹,1,zhu
m,128,端,1,duan
m,127,映,1,ying
m,126,睿,1,rui
m,125,创,1,chuang
m,125,上,1,shang
m,125,易,1,yi
m,124,玺,1,xi
m,124,俭,1,jian
m,124,革,1,ge
m,124,习,1,xi
m,123,骁,1,xiao
m,123,稳,1,wen
m,122,耿,1,geng
m,121,滔,1,tao
m,121,贻,1,yi
m,121,屹,1,yi
m,121,更,1,geng
m,120,湖,1,hu
m,120,旗,1,qi
m,118,勃,1,bo
m,118,举,1,ju
m,118,尊,1,zun
m,117,骥,1,ji
m,116,真,1,zhen
m,114,冀,1,ji
m,114,颖,1,ying
m,113,钰,1,yu
m,113,佩,1,pei
m,113,怡,1,yi
m,111,彭,1,peng
m,111,池,1,chi
m,111,悦,1,yue
m,108,灏,1,hao
m,108,碧,1,bi
m,108,坡,1,po
m,108,聪,1,cong
m,108,兰,1,lan
m,107,铎,1,duo
m,106,植,1,zhi
m,106,干,1,gan
m,105,都,1,dou
m,105,丕,1,pi
m,104,湛,1,zhan
m,104,呈,1,cheng
m,103,昶,1,chang
m,103,垒,1,lei
m,103,校,1,xiao
m,102,拓,1,tuo
m,102,居,1,ju
m,102,幼,1,you
m,101,贞,1,zhen
m,100,炼,1,lian
m,100,宸,1,chen
m,100,肖,1,xiao
m,99,豹,1,bao
m,99,惟,1,wei
m,99,王,1,wang
m,98,胤,1,yin
m,98,拥,1,yong
m,97,竟,1,jing
m,97,五,1,wu
m,96,焰,1,yan
m,95,纲,1,gang
m,95,棋,1,qi
m,95,霆,1,ting
m,95,罡,1,gang
m,95,叔,1,shu
m,94,好,1,hao
m,93,州,1,zhou
m,93,至,1,zhi
m,93,多,1,duo
m,93,亨,1,heng
m,92,炫,1,xuan
m,92,朴,1,pu
m,92,精,1,jing
m,92,土,1,tu
m,91,熠,1,yi
m,91,禹,1,yu
m,90,纬,1,wei
m,90,亿,1,yi
m,90,锴,1,kai
m,89,港,1,gang
m,89,汇,1,hui
m,89,觉,1,jue
m,88,柳,1,liu
m,88,许,1,xu
m,87,众,1,zhong
m,87,聚,1,ju
m,86,社,1,she
m,86,马,1,ma
m,85,地,1,di
m,85,澍,1,shu
m,84,勉,1,mian
m,84,列,1,lie
m,84,计,1,ji
m,84,朋,1,peng
m,83,节,1,jie
m,83,坦,1,tan
m,83,用,1,yong
m,82,烽,1,feng
m,82,后,1,hou
m,81,历,1,li
m,81,雍,1,yong
m,81,罗,1,luo
m,81,夏,1,xia
m,80,郑,1,zheng
m,80,唐,1,tang
m,80,奔,1,ben
m,79,淮,1,huai
m,79,庚,1,geng
m,78,鲲,1,kun
m,78,农,1,nong
m,78,冰,1,bing
m,78,璋,1,zhang
m,77,桓,1,huan
m,77,闻,1,wen
m,76,锁,1,suo
m,76,阔,1,kuo
m,76,轶,1,yi
m,76,统,1,tong
m,75,蛟,1,jiao
m,75,团,1,tuan
m,75,初,1,chu
m,75,渭,1,wei
m,74,蓬,1,peng
m,74,协,1,xie
m,74,熊,1,xiong
m,74,潜,1,qian
m,74,范,1,fan
m,74,幸,1,xing
m,74,竞,1,jing
m,74,奉,1,feng
m,73,体,1,ti
m,73,懋,1,mao
m,73,奋,1,fen
m,72,录,1,lu
m,72,恭,1,gong
m,72,淦,1,gan
m,72,梅,1,mei
m,71,陆,1,lu
m,70,锟,1,kun
m,70,羽,1,yu
m,70,霄,1,xiao
m,70,记,1,ji
m,70,赵,1,zhao
m,69,逊,1,xun
m,69,准,1,zhun
m,69,序,1,xu
m,69,嗣,1,si
m,68,狄,1,di
m,68,浚,1,jun
m,68,直,1,zhi
m,68,岸,1,an
m,68,耕,1,geng
m,67,醒,1,xing
m,66,流,1,liu
m,66,舰,1,jian
m,66,式,1,shi
m,66,象,1,xiang
m,65,颢,1,hao
m,64,佰,1,bai
m,64,津,1,jin
m,64,律,1,lv
m,63,寒,1,han
m,63,荫,1,yin
m,63,意,1,yi
m,63,泳,1,yong
m,63,集,1,ji
m,63,求,1,qiu
m,63,结,1,jie
m,62,曜,1,yao
m,62,祝,1,zhu
m,62,澎,1,peng
m,62,杭,1,hang
m,61,将,1,jiang
m,61,练,1,lian
m,61,容,1,rong
m,61,峥,1,zheng
m,60,琪,1,qi
m,60,丞,1,cheng
m,60,炬,1,ju
m,60,廉,1,lian
m,60,术,1,shu
m,59,浦,1,pu
m,59,侯,1,hou
m,59,乔,1,qiao
m,59,咸,1,xian
m,58,丛,1,cong
m,58,铸,1,zhu
m,57,珍,1,zhen
m,57,紫,1,zi
m,57,愿,1,yuan
m,56,辅,1,fu
m,56,恕,1,shu
m,56,桥,1,qiao
m,56,载,1,zai
m,55,迈,1,mai
m,55,仰,1,yang
m,55,曦,1,xi
m,54,郁,1,yu
m,54,韧,1,ren
m,54,图,1,tu
m,54,又,1,you
m,54,谋,1,mou
m,54,孙,1,sun
m,54,琦,1,qi
m,54,芝,1,zhi
m,53,赤,1,chi
m,53,适,1,shi
m,53,崎,1,qi
m,53,解,1,jie
m,53,老,1,lao
m,53,遂,1,sui
m,52,煊,1,xuan
m,52,养,1,yang
m,51,葛,1,ge
m,51,郎,1,lang
m,51,笃,1,du
m,51,贯,1,guan
m,50,无,1,wu
m,50,笑,1,xiao
m,50,炽,1,chi
m,50,淼,1,miao
m,49,顶,1,ding
m,49,槐,1,huai
m,49,环,1,huan
m,48,尉,1,wei
m,48,号,1,hao
m,48,院,1,yuan
m,47,参,1,can
m,47,燮,1,xie
m,47,伏,1,fu
m,46,岐,1,qi
m,46,冶,1,ye
m,46,度,1,du
m,46,班,1,ban
m,46,量,1,liang
m,46,钱,1,qian
m,46,逵,1,kui
m,46,由,1,you
m,46,豫,1,yu
m,45,斗,1,dou
m,45,续,1,xu
m,45,六,1,liu
m,45,主,1,zhu
m,45,柯,1,ke
m,45,昕,1,xin
m,45,援,1,yuan
m,44,沅,1,yuan
m,44,乘,1,cheng
m,44,因,1,yin
m,44,省,1,sheng
m,44,丽,1,li
m,43,宙,1,zhou
m,43,墩,1,dun
m,43,庸,1,yong
m,42,霖,1,lin
m,42,遵,1,zun
m,42,朱,1,zhu
m,42,匡,1,kuang
m,42,砚,1,yan
m,41,擎,1,qing
m,41,涤,1,di
m,41,充,1,chong
m,41,菊,1,ju
m,41,让,1,rang
m,41,桐,1,tong
m,41,香,1,xiang
m,40,备,1,bei
m,40,渠,1,qu
m,40,首,1,shou
m,40,蔚,1,wei
m,40,祯,1,zhen
m,39,邵,1,shao
m,39,质,1,zhi
m,39,汪,1,wang
m,38,泊,1,po
m,38,遇,1,yu
m,38,左,1,zuo
m,38,椿,1,chun
m,38,险,1,xian
m,38,予,1,yu
m,38,渝,1,yu
m,37,渡,1,du
m,37,棚,1,peng
m,37,布,1,bu
m,37,弼,1,bi
m,37,位,1,wei
m,37,午,1,wu
m,37,懿,1,yi
m,36,慕,1,mu
m,36,夫,1,fu
m,36,商,1,shang
m,36,坊,1,fang
m,36,招,1,zhao
m,36,洛,1,luo
m,36,岷,1,min
m,36,樟,1,zhang
m,36,秦,1,qin
m,35,欢,1,huan
m,35,羿,1,yi
m,35,佶,1,ji
m,35,模,1,mo
m,35,仓,1,cang
m,35,谷,1,gu
m,35,寰,1,huan
m,35,铿,1,keng
m,35,铨,1,quan
m,35,栓,1,shuan
m,35,今,1,jin
m,34,叙,1,xu
m,34,封,1,feng
m,34,近,1,jin
m,34,笠,1,li
m,34,演,1,yan
m,34,严,1,yan
m,33,祚,1,zuo
m,33,专,1,zhuan
m,33,灼,1,zhuo
m,33,绵,1,mian
m,33,牧,1,mu
m,33,执,1,zhi
m,32,仑,1,lun
m,32,固,1,gu
m,32,略,1,lve
m,32,休,1,xiu
m,32,垂,1,chui
m,32,淞,1,song
m,32,捷,1,jie
m,32,韦,1,wei
m,32,誉,1,yu
m,31,边,1,bian
m,31,舸,1,ge
m,31,慈,1,ci
m,31,教,1,jiao
m,31,界,1,jie
m,31,竣,1,jun
m,31,派,1,pai
m,31,白,1,bai
m,31,溥,1,pu
m,31,颜,1,yan
m,30,依,1,yi
m,30,琅,1,lang
m,30,羲,1,xi
m,30,临,1,lin
m,30,循,1,xun
m,30,党,1,dang
m,30,溪,1,xi
m,30,祁,1,qi
m,30,赛,1,sai
m,30,要,1,yao
m,30,尤,1,you
m,29,浙,1,zhe
m,29,镭,1,lei
m,29,随,1,sui
m,29,持,1,chi
m,29,榕,1,rong
m,29,徐,1,xu
m,29,枢,1,shu
m,28,黄,1,huang
m,28,棣,1,di
m,28,亲,1,qin
m,28,焯,1,chao
m,28,机,1,ji
m,28,玮,1,wei
m,28,想,1,xiang
m,28,著,1,zhu
m,28,箭,1,jian
m,28,空,1,kong
m,28,禧,1,xi
m,27,拯,1,zheng
m,27,穗,1,sui
m,27,吾,1,wu
m,27,愈,1,yu
m,27,曾,1,ceng
m,27,沪,1,hu
m,27,十,1,shi
m,27,淑,1,shu
m,27,枭,1,xiao
m,27,羊,1,yang
m,26,骐,1,qi
m,26,虹,1,hong
m,26,荆,1,jing
m,26,共,1,gong
m,26,盘,1,pan
m,26,苍,1,cang
m,26,妙,1,miao
m,26,仙,1,xian
m,26,响,1,xiang
m,26,营,1,ying
m,26,铮,1,zheng
m,26,珠,1,zhu
m,26,电,1,dian
m,26,渤,1,bo
m,26,徒,1,tu
m,25,辽,1,liao
m,25,烨,1,ye
m,25,峪,1,yu
m,25,聿,1,yu
m,25,宫,1,gong
m,25,垄,1,long
m,25,翊,1,yi
m,25,葆,1,bao
m,25,表,1,biao
m,25,夕,1,xi
m,24,铜,1,tong
m,24,果,1,guo
m,24,晶,1,jing
m,24,阅,1,yue
m,24,汶,1,wen
m,24,优,1,you
m,24,庄,1,zhuang
m,24,房,1,fang
m,24,敖,1,ao
m,24,沧,1,cang
m,24,曹,1,cao
m,24,恺,1,kai
m,24,瞻,1,zhan
m,24,资,1,zi
m,23,沐,1,mu
m,23,垣,1,yuan
m,23,铠,1,kai
m,23,速,1,su
m,23,奥,1,ao
m,23,枫,1,feng
m,23,过,1,guo
m,23,晃,1,huang
m,23,境,1,jing
m,23,励,1,li
m,23,燎,1,liao
m,23,仪,1,yi
m,23,虞,1,yu
m,23,支,1,zhi
m,23,铉,1,xuan
m,23,惊,1,jing
m,22,佛,1,fu
m,22,恪,1,ke
m,22,域,1,yu
m,22,履,1,lv
m,22,冈,1,gang
m,22,郭,1,guo
m,22,含,1,han
m,22,玖,1,jiu
m,22,杏,1,xing
m,21,弥,1,mi
m,21,期,1,qi
m,21,极,1,ji
m,21,驹,1,ju
m,21,唯,1,wei
m,21,岱,1,dai
m,21,鄂,1,e
m,21,彰,1,zhang
m,21,讯,1,xun
m,21,赐,1,ci
m,21,横,1,heng
m,21,滋,1,zi
m,20,爵,1,jue
m,20,分,1,fen
m,20,涧,1,jian
m,20,约,1,yue
m,20,领,1,ling
m,20,彩,1,cai
m,20,宠,1,chong
m,20,佃,1,dian
m,20,傅,1,fu
m,20,闽,1,min
m,20,巧,1,qiao
m,20,宋,1,song
m,20,未,1,wei
m,20,伍,1,wu
m,20,状,1,zhuang
m,20,忆,1,yi
m,19,衣,1,yi
m,19,防,1,fang
m,19,赋,1,fu
m,19,榜,1,bang
m,19,落,1,luo
m,19,搏,1,bo
m,19,甘,1,gan
m,19,绩,1,ji
m,19,蒙,1,meng
m,19,遐,1,xia
m,19,蕴,1,yun
m,19,辛,1,xin
m,19,墨,1,mo
m,18,提,1,ti
m,18,第,1,di
m,18,乙,1,yi
m,18,贡,1,gong
m,18,庶,1,shu
m,18,伸,1,shen
m,18,详,1,xiang
m,18,操,1,cao
m,18,盖,1,gai
m,18,赫,1,he
m,18,沈,1,shen
m,18,坝,1,ba
m,18,骋,1,cheng
m,18,赣,1,gan
m,18,恢,1,hui
m,18,稼,1,jia
m,18,洁,1,jie
m,18,炉,1,lu
m,18,纳,1,na
m,18,烜,1,xuan
m,18,瑜,1,yu
m,18,扶,1,fu
m,17,耐,1,nai
m,17,翱,1,ao
m,17,劭,1,shao
m,17,泗,1,si
m,17,旻,1,min
m,17,激,1,ji
m,17,泾,1,jing
m,17,腊,1,la
m,17,舒,1,shu
m,17,艾,1,ai
m,17,丹,1,dan
m,17,睦,1,mu
m,17,绳,1,sheng
m,17,潇,1,xiao
m,17,造,1,zao
m,17,滕,1,teng
m,17,曰,1,yue
m,17,韩,1,han
m,17,绥,1,sui
m,17,枝,1,zhi
m,16,巩,1,gong
m,16,鹄,1,gu
m,16,敢,1,gan
m,16,孚,1,fu
m,16,务,1,wu
m,16,旌,1,jing
m,16,率,1,lv
m,16,顾,1,gu
m,16,何,1,he
m,16,岚,1,lan
m,16,论,1,lun
m,16,史,1,shi
m,16,司,1,si
m,16,溯,1,su
m,16,慰,1,wei
m,16,也,1,ye
m,16,巴,1,ba
m,16,问,1,wen
m,15,次,1,ci
m,15,符,1,fu
m,15,交,1,jiao
m,15,角,1,jiao
m,15,彤,1,tong
m,15,涯,1,ya
m,15,宴,1,yan
m,15,昀,1,yun
m,15,晏,1,yan
m,15,镛,1,yong
m,15,荐,1,jian
m,15,捍,1,han
m,15,材,1,cai
m,15,畅,1,chang
m,15,洞,1,dong
m,15,阜,1,fu
m,15,七,1,qi
m,15,引,1,yin
m,15,盈,1,ying
m,15,裔,1,yi
m,15,企,1,qi
m,15,咏,1,yong
m,15,总,1,zong
m,14,去,1,qu
m,14,澜,1,lan
m,14,毛,1,mao
m,14,施,1,shi
m,14,茁,1,zhuo
m,14,霁,1,ji
m,14,项,1,xiang
m,14,汗,1,han
m,14,肯,1,ken
m,14,苗,1,miao
m,14,泮,1,pan
m,14,洽,1,qia
m,14,蜀,1,shu
m,14,桃,1,tao
m,14,晔,1,ye
m,14,镒,1,yi
m,14,拴,1,shuan
m,14,圳,1,zhen
m,14,移,1,yi
m,14,御,1,yu
m,13,户,1,hu
m,13,动,1,dong
m,13,崖,1,ya
m,13,琼,1,qiong
m,13,甸,1,dian
m,13,而,1,er
m,13,仿,1,fang
m,13,荷,1,he
m,13,胡,1,hu
m,13,麻,1,ma
m,13,虔,1,qian
m,13,收,1,shou
m,13,汐,1,xi
m,13,性,1,xing
m,13,舟,1,zhou
m,13,悟,1,wu
m,13,柄,1,bing
m,13,刃,1,ren
m,13,寺,1,si
m,13,涵,1,han
m,13,右,1,you
m,12,栎,1,li
m,12,穆,1,mu
m,12,谱,1,pu
m,12,然,1,ran
m,12,格,1,ge
m,12,毫,1,hao
m,12,谟,1,mo
m,12,受,1,shou
m,12,魏,1,wei
m,12,须,1,xu
m,12,护,1,hu
m,12,目,1,mu
m,12,黔,1,qian
m,12,异,1,yi
m,12,磐,1,pan
m,12,整,1,zheng
m,12,注,1,zhu
m,12,晖,1,hui
m,12,径,1,jing
m,12,纶,1,lun
m,12,卯,1,mao
m,12,神,1,shen
m,12,瀛,1,ying
m,11,筱,1,xiao
m,11,荡,1,dang
m,11,龚,1,gong
m,11,践,1,jian
m,11,粮,1,liang
m,11,吕,1,lv
m,11,旅,1,lv
m,11,是,1,shi
m,11,汤,1,tang
m,11,温,1,wen
m,11,雅,1,ya
m,11,伊,1,yi
m,11,粤,1,yue
m,11,韵,1,yun
m,11,朕,1,zhen
m,11,峙,1,zhi
m,11,童,1,tong
m,11,沿,1,yan
m,11,窑,1,yao
m,11,堪,1,kan
m,11,辑,1,ji
m,11,楠,1,nan
m,11,古,1,gu
m,11,壹,1,yi
m,10,沃,1,wo
m,10,歧,1,qi
m,10,圭,1,gui
m,10,襄,1,xiang
m,10,几,1,ji
m,10,门,1,men
m,10,铂,1,bo
m,10,琛,1,chen
m,10,祜,1,hu
m,10,就,1,jiu
m,10,岭,1,ling
m,10,昔,1,xi
m,10,哓,1,xiao
m,10,宿,1,su
m,10,溢,1,yi
m,10,与,1,yu
m,10,肃,1,su
m,10,服,1,fu
m,10,蒋,1,jiang
m,10,八,1,ba
m,10,检,1,jian
m,10,卿,1,qing
m,10,笔,1,bi
m,10,旦,1,dan
m,10,米,1,mi
m,10,秩,1,zhi
m,9,素,1,su
m,9,轮,1,lun
m,9,巡,1,xun
m,9,彼,1,bi
m,9,告,1,gao
m,9,渐,1,jian
m,9,杞,1,qi
m,9,弋,1,yi
m,9,悠,1,you
m,9,猷,1,you
m,9,俞,1,yu
m,9,榆,1,yu
m,9,及,1,ji
m,9,珂,1,ke
m,9,狮,1,shi
m,9,隽,1,juan
m,9,弓,1,gong
m,9,兹,1,zi
m,9,绅,1,shen
m,9,侠,1,xia
m,9,悌,1,ti
m,9,监,1,jian
m,9,陵,1,ling
m,8,熏,1,xun
m,8,鹿,1,lu
m,8,漠,1,mo
m,8,梧,1,wu
m,8,奈,1,nai
m,8,祈,1,qi
m,8,曲,1,qu
m,8,蒲,1,pu
m,8,禾,1,he
m,8,词,1,ci
m,8,管,1,guan
m,8,皆,1,jie
m,8,庞,1,pang
m,8,取,1,qu
m,8,园,1,yuan
m,8,诏,1,zhao
m,8,储,1,chu
m,8,非,1,fei
m,8,攸,1,you
m,8,纵,1,zong
m,8,宰,1,zai
m,8,诒,1,yi
m,8,脉,1,mai
m,8,船,1,chuan
m,8,骑,1,qi
m,8,桢,1,zhen
m,8,旬,1,xun
m,8,倚,1,yi
m,8,概,1,gai
m,8,徽,1,hui
m,8,迟,1,chi
m,8,者,1,zhe
m,7,称,1,cheng
m,7,芸,1,yun
m,7,报,1,bao
m,7,袁,1,yuan
m,7,不,1,bu
m,7,谊,1,yi
m,7,蓝,1,lan
m,7,沣,1,feng
m,7,还,1,hai
m,7,挥,1,hui
m,7,阶,1,jie
m,7,链,1,lian
m,7,琳,1,lin
m,7,席,1,xi
m,7,瑶,1,yao
m,7,杜,1,du
m,7,粹,1,cui
m,7,寄,1,ji
m,7,拔,1,ba
m,7,草,1,cao
m,7,接,1,jie
m,7,识,1,shi
m,7,台,1,tai
m,7,综,1,zong
m,7,麦,1,mai
m,7,灶,1,zao
m,7,赖,1,lai
m,7,稚,1,zhi
m,7,矿,1,kuang
m,7,系,1,xi
m,7,喻,1,yu
m,7,早,1,zao
m,6,霍,1,huo
m,6,谨,1,jin
m,6,茗,1,ming
m,6,研,1,yan
m,6,夷,1,yi
m,6,隐,1,yin
m,6,丘,1,qiu
m,6,僖,1,xi
m,6,赟,1,yun
m,6,融,1,rong
m,6,沁,1,qin
m,6,傲,1,ao
m,6,壁,1,bi
m,6,卜,1,bo
m,6,采,1,cai
m,6,事,1,shi
m,6,厅,1,ting
m,6,族,1,zu
m,6,督,1,du
m,6,换,1,huan
m,6,淇,1,qi
m,6,考,1,kao
m,6,扩,1,kuo
m,6,技,1,ji
m,6,鹰,1,ying
m,6,命,1,ming
m,6,吴,1,wu
m,6,衷,1,zhong
m,6,犀,1,xi
m,6,霞,1,xia
m,6,游,1,you
m,6,处,1,chu
m,6,陶,1,tao
m,6,毕,1,bi
m,5,沙,1,sha
m,5,晚,1,wan
m,5,抗,1,kang
m,5,卢,1,lu
m,5,议,1,yi
m,5,桦,1,hua
m,5,霸,1,ba
m,5,包,1,bao
m,5,查,1,cha
m,5,畴,1,chou
m,5,祠,1,ci
m,5,琮,1,cong
m,5,村,1,cun
m,5,灯,1,deng
m,5,帝,1,di
m,5,夺,1,duo
m,5,棉,1,mian
m,5,闵,1,min
m,5,盼,1,pan
m,5,壬,1,ren
m,5,什,1,shen
m,5,岁,1,sui
m,5,所,1,suo
m,5,索,1,suo
m,5,皖,1,wan
m,5,虚,1,xu
m,5,甬,1,yong
m,5,府,1,fu
m,5,配,1,pei
m,5,证,1,zheng
m,5,煦,1,xu
m,5,露,1,lu
m,5,住,1,zhu
m,5,蔼,1,ai
m,5,择,1,ze
m,5,皇,1,huang
m,5,萃,1,cui
m,5,珉,1,min
m,5,欧,1,ou
m,5,喆,1,zhe
m,5,调,1,diao
m,5,绿,1,lv
m,5,改,1,gai
m,5,尽,1,jin
m,5,扣,1,kou
m,5,屏,1,ping
m,5,弟,1,di
m,5,谢,1,xie
m,5,荔,1,li
m,5,牛,1,niu
m,5,职,1,zhi
m,5,屠,1,tu
m,5,晗,1,han
m,4,骆,1,luo
m,4,萌,1,meng
m,4,戴,1,dai
m,4,於,1,yu
m,4,工,1,gong
m,4,规,1,gui
m,4,快,1,kuai
m,4,塘,1,tang
m,4,姚,1,yao
m,4,翌,1,yi
m,4,宥,1,you
m,4,浴,1,yu
m,4,助,1,zhu
m,4,最,1,zui
m,4,濮,1,pu
m,4,萧,1,xiao
m,4,抱,1,bao
m,4,遥,1,yao
m,4,陇,1,long
m,4,享,1,xiang
m,4,忻,1,xin
m,4,桔,1,ju
m,4,董,1,dong
m,4,区,1,qu
m,4,身,1,shen
m,4,抒,1,shu
m,4,羡,1,xian
m,4,锵,1,qiang
m,4,阁,1,ge
m,4,黑,1,hei
m,4,活,1,huo
m,4,骞,1,qian
m,4,默,1,mo
m,4,迁,1,qian
m,4,转,1,zhuan
m,4,伙,1,huo
m,4,亭,1,ting
m,4,倍,1,bei
m,4,珏,1,jue
m,4,驷,1,si
m,4,种,1,zhong
m,4,忍,1,ren
m,4,候,1,hou
m,4,姜,1,jiang
m,4,沂,1,yi
m,4,帆,1,fan
m,3,比,1,bi
m,3,筠,1,yun
m,3,郝,1,hao
m,3,莫,1,mo
m,3,萍,1,ping
m,3,器,1,qi
m,3,烁,1,shuo
m,3,已,1,yi
m,3,舍,1,she
m,3,归,1,gui
m,3,薛,1,xue
m,3,诸,1,zhu
m,3,荃,1,quan
m,3,戚,1,qi
m,3,筑,1,zhu
m,3,耘,1,yun
m,3,笛,1,di
m,3,熹,1,xi
m,3,琰,1,yan
m,3,郡,1,jun
m,3,珈,1,jia
m,3,汀,1,ting
m,3,贝,1,bei
m,3,赓,1,geng
m,3,霈,1,pei
m,3,欲,1,yu
m,3,晴,1,qing
m,3,车,1,che
m,3,花,1,hua
m,3,柔,1,rou
m,3,倬,1,zhuo
m,3,漫,1,man
m,3,鲜,1,xian
m,3,宵,1,xiao
m,3,栩,1,xu
m,3,皋,1,gao
m,3,塞,1,sai
m,3,朔,1,shuo
m,3,歆,1,xin
m,3,祎,1,yi
m,3,孜,1,zi
m,3,吟,1,yin
m,3,藏,1,cang
m,3,潞,1,lu
m,3,歌,1,ge
m,3,珩,1,hang
m,3,稀,1,xi
m,3,旋,1,xuan
m,3,闪,1,shan
m,3,颐,1,yi
m,3,庙,1,miao
m,3,瑛,1,ying
m,2,岫,1,xiu
m,2,仟,1,qian
m,2,嘎,1,ga
m,2,回,1,hui
m,2,厉,1,li
m,2,劳,1,lao
m,2,尘,1,chen
m,2,辞,1,ci
m,2,奂,1,huan
m,2,鲤,1,li
m,2,玲,1,ling
m,2,诺,1,nuo
m,2,邱,1,qiu
m,2,套,1,tao
m,2,衔,1,xian
m,2,怿,1,yi
m,2,绎,1,yi
m,2,赢,1,ying
m,2,宅,1,zhai
m,2,璧,1,bi
m,2,莘,1,shen
m,2,嵘,1,rong
m,2,夙,1,su
m,2,数,1,shu
m,2,楼,1,lou
m,2,尖,1,jian
m,2,椒,1,jiao
m,2,拉,1,la
m,2,气,1,qi
m,2,芦,1,lu
m,2,荻,1,di
m,2,瑾,1,jin
m,2,兮,1,xi
m,2,闰,1,run
m,2,外,1,wai
m,2,呼,1,hu
m,2,男,1,nan
m,2,罕,1,han
m,2,唤,1,huan
m,2,梨,1,li
m,2,佟,1,tong
m,2,探,1,tan
m,2,荪,1,sun
m,2,卡,1,ka
m,2,忱,1,chen
m,2,轲,1,ke
m,2,焜,1,kun
m,2,铃,1,ling
m,2,珑,1,long
m,2,璐,1,lu
m,2,暖,1,nuan
m,2,女,1,nv
m,2,琴,1,qin
m,2,裘,1,qiu
m,2,委,1,wei
m,2,乡,1,xiang
m,2,垠,1,yin
m,2,语,1,yu
m,2,站,1,zhan
m,2,球,1,qiu
m,2,樊,1,fan
m,2,哈,1,ha
m,2,盟,1,meng
m,2,示,1,shi
m,2,邓,1,deng
m,2,获,1,huo
m,2,楣,1,mei
m,2,潘,1,pan
m,2,县,1,xian
m,2,费,1,fei
m,2,徵,1,zheng
m,2,芒,1,mang
m,2,产,1,chan
m,2,旷,1,kuang
m,2,邻,1,lin
m,2,译,1,yi
m,2,侨,1,qiao
m,2,蠡,1,li
m,2,追,1,zhui
m,2,麓,1,lu
m,2,霭,1,ai
m,2,楹,1,ying
m,2,微,1,wei
m,2,炀,1,yang
m,2,戎,1,rong
m,2,镐,1,gao
m,2,宛,1,wan
m,2,半,1,ban
m,2,钿,1,dian
m,2,栗,1,li
m,2,秘,1,mi
m,2,密,1,mi
m,2,韫,1,yun
m,2,殷,1,yin
m,2,樾,1,yue
m,2,店,1,dian
m,2,柠,1,ning
m,2,淘,1,tao
m,1,芷,1,zhi
m,1,鲸,1,jing
m,1,塔,1,ta
m,1,幽,1,you
m,1,函,1,han
m,1,楫,1,ji
m,1,骄,1,jiao
m,1,莱,1,lai
m,1,廖,1,liao
m,1,难,1,nan
m,1,绶,1,shou
m,1,听,1,ting
m,1,骧,1,xiang
m,1,烟,1,yan
m,1,样,1,yang
m,1,聘,1,pin
m,1,钻,1,zuan
m,1,弛,1,chi
m,1,邢,1,xing
m,1,彝,1,yi
m,1,斐,1,fei
m,1,泱,1,yang
m,1,阮,1,ruan
m,1,翻,1,fan
m,1,俏,1,qiao
m,1,粱,1,liang
m,1,厦,1,sha
m,1,潭,1,tan
m,1,尾,1,wei
m,1,员,1,yuan
m,1,奖,1,jiang
m,1,单,1,dan
m,1,间,1,jian
m,1,侍,1,shi
m,1,戊,1,wu
m,1,夜,1,ye
m,1,字,1,zi
m,1,足,1,zu
m,1,翘,1,qiao
m,1,别,1,bie
m,1,骊,1,li
m,1,銮,1,luan
m,1,眉,1,mei
m,1,坛,1,tan
m,1,馥,1,fu
m,1,涟,1,lian
m,1,浓,1,nong
m,1,蒂,1,di
m,1,停,1,ting
m,1,蘅,1,heng
m,1,芮,1,rui
m,1,颍,1,ying
m,1,蔡,1,cai
m,1,龄,1,ling
m,1,粉,1,fen
m,1,释,1,shi
m,1,鱼,1,yu
m,1,钥,1,yao
m,1,扎,1,zha
m,1,艮,1,gen
m,1,稷,1,ji
m,1,橙,1,cheng
m,1,儿,1,er
m,1,梵,1,fan
m,1,郦,1,li
m,1,淋,1,lin
m,1,璞,1,pu
m,1,芹,1,qin
m,1,饶,1,rao
m,1,掌,1,zhang
m,1,埠,1,bu
m,1,珺,1,jun
m,1,带,1,dai
m,1,凝,1,ning
m,1,冉,1,ran
m,1,胥,1,xu
m,1,频,1,pin
m,1,纹,1,wen
m,1,圆,1,yuan
m,1,缘,1,yuan
m,1,檀,1,tan
m,1,芬,1,fen
m,1,冯,1,feng
m,1,瑰,1,gui
m,1,兢,1,jing
m,1,浅,1,qian
m,1,洵,1,xun
m,1,奚,1,xi
m,1,璇,1,xuan
m,1,绚,1,xuan
m,1,音,1,yin
m,1,荟,1,hui
m,1,霜,1,shuang
m,1,琇,1,xiu
m,1,离,1,li
m,1,姬,1,ji
m,1,简,1,jian
m,1,勒,1,lei
m,1,谅,1,liang
m,1,溶,1,rong
m,1,熔,1,rong
m,15924,明,2,ming
m,12703,军,2,jun
m,11929,林,2,lin
m,11573,平,2,ping
m,11039,华,2,hua
m,10741,伟,2,wei
m,10634,龙,2,long
m,10227,文,2,wen
m,9896,生,2,sheng
m,9788,辉,2,hui
m,9743,强,2,qiang
m,9571,杰,2,jie
m,9253,峰,2,feng
m,7719,东,2,dong
m,7064,波,2,bo
m,6748,成,2,cheng
m,6732,斌,2,bin
m,6670,荣,2,rong
m,6321,涛,2,tao
m,6198,民,2,min
m,6143,祥,2,xiang
m,6131,亮,2,liang
m,5987,国,2,guo
m,5805,海,2,hai
m,5784,良,2,liang
m,5710,勇,2,yong
m,5657,宇,2,yu
m,5600,鹏,2,peng
m,5377,飞,2,fei
m,5350,刚,2,gang
m,5137,超,2,chao
m,5037,忠,2,zhong
m,4933,锋,2,feng
m,4729,新,2,xin
m,4710,光,2,guang
m,4597,山,2,shan
m,4457,春,2,chun
m,4256,江,2,jiang
m,4058,兵,2,bing
m,4022,松,2,song
m,3980,武,2,wu
m,3936,清,2,qing
m,3898,兴,2,xing
m,3800,德,2,de
m,3751,元,2,yuan
m,3722,福,2,fu
m,3619,安,2,an
m,3542,俊,2,jun
m,3531,彬,2,bin
m,3505,胜,2,sheng
m,3463,阳,2,yang
m,3364,志,2,zhi
m,3279,庆,2,qing
m,3227,贵,2,gui
m,3165,雄,2,xiong
m,3152,坤,2,kun
m,3117,才,2,cai
m,3072,义,2,yi
m,3033,全,2,quan
m,3029,昌,2,chang
m,2982,宏,2,hong
m,2951,宝,2,bao
m,2936,发,2,fa
m,2851,富,2,fu
m,2722,和,2,he
m,2710,建,2,jian
m,2629,泉,2,quan
m,2568,金,2,jin
m,2516,友,2,you
m,2488,利,2,li
m,2487,星,2,xing
m,2483,根,2,gen
m,2445,源,2,yuan
m,2417,鑫,2,xin
m,2414,权,2,quan
m,2406,中,2,zhong
m,2358,浩,2,hao
m,2340,凯,2,kai
m,2269,仁,2,ren
m,2221,康,2,kang
m,2212,豪,2,hao
m,2201,远,2,yuan
m,2169,磊,2,lei
m,2128,贤,2,xian
m,2118,虎,2,hu
m,2102,森,2,sen
m,2072,健,2,jian
m,2009,洪,2,hong
m,2000,川,2,chuan
m,1987,顺,2,shun
m,1947,铭,2,ming
m,1935,博,2,bo
m,1931,洋,2,yang
m,1919,达,2,da
m,1917,翔,2,xiang
m,1883,奇,2,qi
m,1761,喜,2,xi
m,1747,宁,2,ning
m,1730,智,2,zhi
m,1707,旭,2,xu
m,1677,立,2,li
m,1669,威,2,wei
m,1668,栋,2,dong
m,1666,旺,2,wang
m,1655,瑞,2,rui
m,1619,乐,2,le
m,1568,毅,2,yi
m,1547,泽,2,ze
m,1546,学,2,xue
m,1517,恒,2,heng
m,1507,来,2,lai
m,1490,南,2,nan
m,1483,章,2,zhang
m,1470,进,2,jin
m,1453,丰,2,feng
m,1450,雷,2,lei
m,1418,轩,2,xuan
m,1407,哲,2,zhe
m,1400,科,2,ke
m,1398,奎,2,kui
m,1371,正,2,zheng
m,1351,方,2,fang
m,1301,洲,2,zhou
m,1299,升,2,sheng
m,1289,永,2,yong
m,1230,云,2,yun
m,1227,伦,2,lun
m,1226,鸿,2,hong
m,1226,彪,2,biao
m,1220,天,2,tian
m,1181,诚,2,cheng
m,1177,田,2,tian
m,1163,青,2,qing
m,1161,臣,2,chen
m,1160,堂,2,tang
m,1117,城,2,cheng
m,1115,礼,2,li
m,1111,盛,2,sheng
m,1104,柱,2,zhu
m,1103,扬,2,yang
m,1078,标,2,biao
m,1071,恩,2,en
m,1067,一,2,yi
m,1067,水,2,shui
m,1048,力,2,li
m,1040,敏,2,min
m,1036,高,2,gao
m,1027,勋,2,xun
m,1022,耀,2,yao
m,1019,卫,2,wei
m,1017,坚,2,jian
m,1007,茂,2,mao
m,1004,航,2,hang
m,996,财,2,cai
m,981,先,2,xian
m,981,群,2,qun
m,980,广,2,guang
m,975,业,2,ye
m,974,银,2,yin
m,970,吉,2,ji
m,966,政,2,zheng
m,957,凡,2,fan
m,957,维,2,wei
m,929,麟,2,lin
m,913,信,2,xin
m,910,剑,2,jian
m,904,保,2,bao
m,863,河,2,he
m,861,宾,2,bin
m,857,年,2,nian
m,828,滨,2,bin
m,826,程,2,cheng
m,823,钦,2,qin
m,818,为,2,wei
m,814,尧,2,yao
m,813,基,2,ji
m,813,鸣,2,ming
m,811,岩,2,yan
m,809,帅,2,shuai
m,803,聪,2,cong
m,799,炜,2,wei
m,799,霖,2,lin
m,789,钧,2,jun
m,779,梁,2,liang
m,768,振,2,zhen
m,760,勤,2,qin
m,754,宗,2,zong
m,745,汉,2,han
m,742,君,2,jun
m,730,炎,2,yan
m,720,法,2,fa
m,717,然,2,ran
m,714,灿,2,can
m,712,有,2,you
m,711,通,2,tong
m,704,均,2,jun
m,685,禄,2,lu
m,684,昊,2,hao
m,679,跃,2,yue
m,668,寿,2,shou
m,667,钢,2,gang
m,661,卿,2,qing
m,648,泰,2,tai
m,636,周,2,zhou
m,630,夫,2,fu
m,630,宽,2,kuan
m,618,谦,2,qian
m,610,庭,2,ting
m,609,培,2,pei
m,608,行,2,xing
m,587,桥,2,qiao
m,585,锐,2,rui
m,583,晖,2,hui
m,582,会,2,hui
m,580,熙,2,xi
m,576,骏,2,jun
m,565,隆,2,long
m,556,树,2,shu
m,550,朝,2,chao
m,540,举,2,ju
m,538,增,2,zeng
m,536,益,2,yi
m,530,廷,2,ting
m,529,能,2,neng
m,511,钊,2,zhao
m,508,运,2,yun
m,505,腾,2,teng
m,504,朋,2,peng
m,502,征,2,zheng
m,494,岳,2,yue
m,494,石,2,shi
m,494,辰,2,chen
m,492,善,2,shan
m,489,雨,2,yu
m,483,渊,2,yuan
m,476,昆,2,kun
m,475,原,2,yuan
m,474,煌,2,huang
m,473,儒,2,ru
m,470,敬,2,jing
m,469,初,2,chu
m,467,西,2,xi
m,467,邦,2,bang
m,462,冲,2,chong
m,454,启,2,qi
m,453,裕,2,yu
m,451,如,2,ru
m,450,乾,2,qian
m,444,魁,2,kui
m,439,印,2,yin
m,433,同,2,tong
m,431,言,2,yan
m,427,齐,2,qi
m,422,之,2,zhi
m,419,彦,2,yan
m,418,理,2,li
m,418,韬,2,tao
m,417,甫,2,fu
m,417,余,2,yu
m,415,开,2,kai
m,414,治,2,zhi
m,414,圣,2,sheng
m,413,焕,2,huan
m,411,迪,2,di
m,409,道,2,dao
m,408,猛,2,meng
m,406,祺,2,qi
m,404,柏,2,bai
m,403,定,2,ding
m,397,其,2,qi
m,395,锦,2,jin
m,394,岗,2,gang
m,394,存,2,cun
m,393,前,2,qian
m,392,书,2,shu
m,390,景,2,jing
m,388,声,2,sheng
m,388,昭,2,zhao
m,385,祖,2,zu
m,384,岭,2,ling
m,381,震,2,zhen
m,375,潮,2,chao
m,374,功,2,gong
m,372,冬,2,dong
m,369,硕,2,shuo
m,367,路,2,lu
m,366,衡,2,heng
m,366,怀,2,huai
m,365,翰,2,han
m,364,长,2,zhang
m,362,鹤,2,he
m,358,皓,2,hao
m,350,里,2,li
m,348,营,2,ying
m,344,旗,2,qi
m,342,秋,2,qiu
m,340,照,2,zhao
m,336,煜,2,yu
m,333,人,2,ren
m,329,克,2,ke
m,326,州,2,zhou
m,324,宣,2,xuan
m,324,镇,2,zhen
m,323,申,2,shen
m,323,亚,2,ya
m,322,宪,2,xian
m,321,桂,2,gui
m,318,舟,2,zhou
m,317,欣,2,xin
m,315,帆,2,fan
m,314,玉,2,yu
m,314,家,2,jia
m,313,农,2,nong
m,307,玺,2,xi
m,307,贺,2,he
m,304,壮,2,zhuang
m,303,野,2,ye
m,301,攀,2,pan
m,300,杨,2,yang
m,300,望,2,wang
m,299,希,2,xi
m,299,修,2,xiu
m,297,烈,2,lie
m,296,钟,2,zhong
m,294,添,2,tian
m,293,起,2,qi
m,292,仲,2,zhong
m,290,池,2,chi
m,288,意,2,yi
m,284,孝,2,xiao
m,283,佑,2,you
m,283,木,2,mu
m,280,深,2,shen
m,279,万,2,wan
m,278,亭,2,ting
m,276,挺,2,ting
m,275,寅,2,yin
m,275,普,2,pu
m,274,琦,2,qi
m,273,三,2,san
m,272,子,2,zi
m,270,浪,2,lang
m,270,璋,2,zhang
m,267,坡,2,po
m,266,展,2,zhan
m,264,久,2,jiu
m,262,晨,2,chen
m,260,传,2,chuan
m,260,臻,2,zhen
m,257,铎,2,duo
m,254,巍,2,wei
m,252,合,2,he
m,252,翼,2,yi
m,251,弘,2,hong
m,250,俭,2,jian
m,250,革,2,ge
m,247,本,2,ben
m,247,炳,2,bing
m,244,纲,2,gang
m,242,厚,2,hou
m,241,湖,2,hu
m,241,延,2,yan
m,240,承,2,cheng
m,239,鼎,2,ding
m,239,晋,2,jin
m,238,焱,2,yan
m,238,名,2,ming
m,233,朗,2,lang
m,232,放,2,fang
m,232,昂,2,ang
m,231,晓,2,xiao
m,229,球,2,qiu
m,227,大,2,da
m,226,品,2,pin
m,225,楷,2,kai
m,220,淳,2,chun
m,220,楠,2,nan
m,218,实,2,shi
m,218,任,2,ren
m,217,毛,2,mao
m,216,育,2,yu
m,216,相,2,xiang
m,216,润,2,run
m,213,澄,2,cheng
m,213,太,2,tai
m,213,玮,2,wei
m,210,戈,2,ge
m,209,晟,2,cheng
m,208,琨,2,kun
m,207,驰,2,chi
m,207,瀚,2,han
m,206,鲁,2,lu
m,205,北,2,bei
m,204,峻,2,jun
m,204,锡,2,xi
m,202,满,2,man
m,201,公,2,gong
m,200,铁,2,tie
m,198,典,2,dian
m,198,甲,2,jia
m,198,尚,2,shang
m,197,显,2,xian
m,196,骥,2,ji
m,196,炯,2,jiong
m,196,嘉,2,jia
m,195,庚,2,geng
m,192,丁,2,ding
m,192,化,2,hua
m,190,宜,2,yi
m,190,啸,2,xiao
m,190,禹,2,yu
m,189,键,2,jian
m,187,师,2,shi
m,182,赞,2,zan
m,181,滔,2,tao
m,177,麒,2,qi
m,177,豹,2,bao
m,176,时,2,shi
m,174,棋,2,qi
m,174,录,2,lu
m,173,常,2,chang
m,173,京,2,jing
m,173,日,2,ri
m,171,策,2,ce
m,170,龄,2,ling
m,168,玄,2,xuan
m,168,捷,2,jie
m,167,纯,2,chun
m,164,召,2,zhao
m,164,睿,2,rui
m,162,令,2,ling
m,161,嵩,2,song
m,160,卓,2,zhuo
m,158,纬,2,wei
m,158,闯,2,chuang
m,157,舜,2,shun
m,157,稳,2,wen
m,156,都,2,dou
m,156,湘,2,xiang
m,156,非,2,fei
m,155,绪,2,xu
m,154,崇,2,chong
m,153,锁,2,suo
m,152,献,2,xian
m,151,战,2,zhan
m,151,选,2,xuan
m,149,范,2,fan
m,149,联,2,lian
m,149,鉴,2,jian
m,149,仓,2,cang
m,148,好,2,hao
m,147,霆,2,ting
m,147,士,2,shi
m,147,迅,2,xun
m,147,村,2,cun
m,146,庄,2,zhuang
m,145,图,2,tu
m,143,谋,2,mou
m,142,仕,2,shi
m,142,特,2,te
m,141,双,2,shuang
m,140,火,2,huo
m,140,登,2,deng
m,140,逸,2,yi
m,139,世,2,shi
m,138,宸,2,chen
m,138,训,2,xun
m,137,植,2,zhi
m,136,港,2,gang
m,136,重,2,zhong
m,136,加,2,jia
m,136,兆,2,zhao
m,135,廉,2,lian
m,134,琛,2,chen
m,133,涌,2,yong
m,133,侃,2,kan
m,132,劲,2,jin
m,132,见,2,jian
m,132,沛,2,pei
m,131,罡,2,gang
m,129,继,2,ji
m,129,勃,2,bo
m,127,灏,2,hao
m,127,亨,2,heng
m,126,冠,2,guan
m,126,泓,2,hong
m,126,越,2,yue
m,124,朴,2,pu
m,124,允,2,yun
m,123,纪,2,ji
m,123,应,2,ying
m,123,九,2,jiu
m,122,烽,2,feng
m,121,楼,2,lou
m,121,付,2,fu
m,121,祯,2,zhen
m,120,垒,2,lei
m,118,衍,2,yan
m,118,向,2,xiang
m,118,牛,2,niu
m,117,复,2,fu
m,117,弟,2,di
m,115,知,2,zhi
m,115,佐,2,zuo
m,115,淼,2,miao
m,115,佳,2,jia
m,115,凌,2,ling
m,114,蛟,2,jiao
m,114,干,2,gan
m,114,千,2,qian
m,112,焰,2,yan
m,112,铨,2,quan
m,112,冰,2,bing
m,111,社,2,she
m,110,争,2,zheng
m,109,恭,2,gong
m,109,斗,2,dou
m,109,济,2,ji
m,108,众,2,zhong
m,108,胤,2,yin
m,108,棠,2,tang
m,107,模,2,mo
m,107,领,2,ling
m,106,地,2,di
m,106,岐,2,qi
m,106,熊,2,xiong
m,106,伯,2,bo
m,105,昶,2,chang
m,105,节,2,jie
m,105,桢,2,zhen
m,104,炼,2,lian
m,104,锴,2,kai
m,103,颂,2,song
m,102,驹,2,ju
m,102,男,2,nan
m,102,骁,2,xiao
m,101,拓,2,tuo
m,101,于,2,yu
m,98,桓,2,huan
m,98,雍,2,yong
m,98,官,2,guan
m,98,校,2,xiao
m,97,湛,2,zhan
m,97,镜,2,jing
m,97,团,2,tuan
m,97,钰,2,yu
m,97,阔,2,kuo
m,96,坦,2,tan
m,95,耕,2,geng
m,94,炫,2,xuan
m,94,经,2,jing
m,94,枫,2,feng
m,93,屹,2,yi
m,93,丞,2,cheng
m,93,艺,2,yi
m,92,谊,2,yi
m,92,绍,2,shao
m,91,澍,2,shu
m,91,可,2,ke
m,91,孟,2,meng
m,90,阁,2,ge
m,89,彭,2,peng
m,88,流,2,liu
m,88,潜,2,qian
m,87,仑,2,lun
m,87,煊,2,xuan
m,86,勉,2,mian
m,86,槐,2,huai
m,86,舰,2,jian
m,86,熠,2,yi
m,86,土,2,tu
m,85,繁,2,fan
m,85,唐,2,tang
m,85,淦,2,gan
m,85,恺,2,kai
m,85,材,2,cai
m,85,让,2,rang
m,84,锟,2,kun
m,84,帮,2,bang
m,84,郎,2,lang
m,84,直,2,zhi
m,83,用,2,yong
m,83,宙,2,zhou
m,81,亿,2,yi
m,81,奋,2,fen
m,81,闻,2,wen
m,80,淮,2,huai
m,80,耿,2,geng
m,80,创,2,chuang
m,80,琪,2,qi
m,79,欢,2,huan
m,79,奔,2,ben
m,79,曙,2,shu
m,79,寰,2,huan
m,79,观,2,guan
m,78,逊,2,xun
m,78,侯,2,hou
m,78,尔,2,er
m,78,孙,2,sun
m,78,铮,2,zheng
m,76,刘,2,liu
m,75,鲲,2,kun
m,74,慎,2,shen
m,74,愚,2,yu
m,74,则,2,ze
m,73,历,2,li
m,73,浚,2,jun
m,73,念,2,nian
m,73,冀,2,ji
m,73,果,2,guo
m,72,愿,2,yuan
m,71,得,2,de
m,71,量,2,liang
m,71,赐,2,ci
m,70,椿,2,chun
m,70,浦,2,pu
m,70,占,2,zhan
m,70,澎,2,peng
m,69,渠,2,qu
m,69,岸,2,an
m,68,准,2,zhun
m,68,铸,2,zhu
m,68,骅,2,hua
m,67,禧,2,xi
m,67,榜,2,bang
m,67,庸,2,yong
m,67,韶,2,shao
m,66,将,2,jiang
m,66,练,2,lian
m,66,张,2,zhang
m,65,炬,2,ju
m,65,律,2,lv
m,65,风,2,feng
m,64,藩,2,fan
m,64,列,2,lie
m,64,逵,2,kui
m,64,恕,2,shu
m,63,蓬,2,peng
m,63,介,2,jie
m,63,竟,2,jing
m,63,统,2,tong
m,62,度,2,du
m,62,颢,2,hao
m,62,灵,2,ling
m,62,白,2,bai
m,62,结,2,jie
m,61,王,2,wang
m,61,郑,2,zheng
m,61,觉,2,jue
m,60,狄,2,di
m,60,谷,2,gu
m,60,昕,2,xin
m,60,记,2,ji
m,60,吾,2,wu
m,60,嵘,2,rong
m,59,彰,2,zhang
m,59,赫,2,he
m,59,伍,2,wu
m,58,溪,2,xi
m,58,韧,2,ren
m,58,曜,2,yao
m,58,井,2,jing
m,58,懋,2,mao
m,58,迈,2,mai
m,58,心,2,xin
m,57,述,2,shu
m,57,骐,2,qi
m,57,库,2,ku
m,56,主,2,zhu
m,56,桐,2,tong
m,55,尉,2,wei
m,55,汇,2,hui
m,55,荫,2,yin
m,55,鹰,2,ying
m,54,尊,2,zun
m,54,慈,2,ci
m,54,午,2,wu
m,54,枢,2,shu
m,53,号,2,hao
m,53,聚,2,ju
m,53,沅,2,yuan
m,53,陵,2,ling
m,53,崎,2,qi
m,53,省,2,sheng
m,52,杭,2,hang
m,52,昱,2,yu
m,51,呈,2,cheng
m,51,陆,2,lu
m,50,徽,2,hui
m,49,端,2,duan
m,49,参,2,can
m,49,弼,2,bi
m,49,略,2,lve
m,49,靖,2,jing
m,49,童,2,tong
m,48,仔,2,zai
m,48,敦,2,dun
m,48,象,2,xiang
m,48,霄,2,xiao
m,47,汝,2,ru
m,47,班,2,ban
m,47,墩,2,dun
m,46,封,2,feng
m,46,防,2,fang
m,46,瑜,2,yu
m,46,房,2,fang
m,46,以,2,yi
m,46,环,2,huan
m,46,集,2,ji
m,45,顶,2,ding
m,45,适,2,shi
m,45,想,2,xiang
m,45,求,2,qiu
m,44,棚,2,peng
m,44,尘,2,chen
m,44,垣,2,yuan
m,44,醒,2,xing
m,43,歧,2,qi
m,43,表,2,biao
m,43,泳,2,yong
m,43,位,2,wei
m,43,疆,2,jiang
m,43,燮,2,xie
m,42,专,2,zhuan
m,42,固,2,gu
m,42,津,2,jin
m,42,洛,2,luo
m,42,台,2,tai
m,41,第,2,di
m,41,祚,2,zuo
m,41,棣,2,di
m,41,骄,2,jiao
m,41,序,2,xu
m,40,渡,2,du
m,40,商,2,shang
m,40,渭,2,wei
m,40,操,2,cao
m,40,因,2,yin
m,40,祝,2,zhu
m,40,曦,2,xi
m,40,关,2,guan
m,40,洙,2,zhu
m,39,游,2,you
m,39,续,2,xu
m,39,羽,2,yu
m,39,渝,2,yu
m,39,充,2,chong
m,38,爵,2,jue
m,38,冶,2,ye
m,38,孚,2,fu
m,38,许,2,xu
m,38,畅,2,chang
m,38,四,2,si
m,38,铿,2,keng
m,38,帝,2,di
m,38,溥,2,pu
m,37,党,2,dang
m,37,岷,2,min
m,37,遂,2,sui
m,36,坊,2,fang
m,36,镛,2,yong
m,36,璞,2,pu
m,36,蔚,2,wei
m,36,纶,2,lun
m,36,五,2,wu
m,36,柯,2,ke
m,35,边,2,bian
m,35,佶,2,ji
m,35,舸,2,ge
m,35,作,2,zuo
m,35,夏,2,xia
m,35,镭,2,lei
m,35,淞,2,song
m,35,罗,2,luo
m,35,绩,2,ji
m,35,铉,2,xuan
m,34,猷,2,you
m,34,布,2,bu
m,34,巨,2,ju
m,34,羊,2,yang
m,33,备,2,bei
m,33,桦,2,hua
m,33,由,2,you
m,33,孔,2,kong
m,32,铜,2,tong
m,32,羲,2,xi
m,32,羿,2,yi
m,32,墨,2,mo
m,32,笠,2,li
m,32,苍,2,cang
m,32,榕,2,rong
m,32,幸,2,xing
m,32,烨,2,ye
m,32,钱,2,qian
m,32,赵,2,zhao
m,32,机,2,ji
m,32,儿,2,er
m,31,协,2,xie
m,31,忱,2,chen
m,31,寒,2,han
m,31,真,2,zhen
m,31,派,2,pai
m,31,箭,2,jian
m,30,泊,2,po
m,30,在,2,zai
m,30,琅,2,lang
m,30,赋,2,fu
m,30,皋,2,gao
m,30,辅,2,fu
m,30,奉,2,feng
m,30,阶,2,jie
m,30,苏,2,su
m,30,瞻,2,zhan
m,29,殿,2,dian
m,29,效,2,xiao
m,29,教,2,jiao
m,29,陶,2,tao
m,29,演,2,yan
m,29,秉,2,bing
m,29,藻,2,zao
m,29,空,2,kong
m,29,留,2,liu
m,29,炉,2,lu
m,29,旦,2,dan
m,29,咸,2,xian
m,29,栓,2,shuan
m,28,擎,2,qing
m,28,惟,2,wei
m,28,质,2,zhi
m,28,瀛,2,ying
m,28,贻,2,yi
m,28,汪,2,wang
m,28,愈,2,yu
m,28,临,2,lin
m,28,骞,2,qian
m,28,逢,2,feng
m,28,晃,2,huang
m,28,谟,2,mo
m,28,滋,2,zi
m,28,祁,2,qi
m,28,斋,2,zhai
m,28,援,2,yuan
m,27,丙,2,bing
m,27,垄,2,long
m,27,式,2,shi
m,27,后,2,hou
m,27,休,2,xiu
m,27,著,2,zhu
m,27,朱,2,zhu
m,27,收,2,shou
m,26,期,2,qi
m,26,邵,2,shao
m,26,守,2,shou
m,26,体,2,ti
m,26,峪,2,yu
m,26,域,2,yu
m,26,无,2,wu
m,26,玖,2,jiu
m,26,更,2,geng
m,26,境,2,jing
m,26,委,2,wei
m,26,豫,2,yu
m,26,枭,2,xiao
m,26,敖,2,ao
m,26,渤,2,bo
m,25,鹄,2,gu
m,25,极,2,ji
m,25,熹,2,xi
m,25,详,2,xiang
m,25,界,2,jie
m,25,讯,2,xun
m,25,濂,2,lian
m,25,乔,2,qiao
m,25,宫,2,gong
m,25,彩,2,cai
m,25,精,2,jing
m,25,乃,2,nai
m,25,嗣,2,si
m,25,严,2,yan
m,25,载,2,zai
m,24,赤,2,chi
m,24,古,2,gu
m,24,居,2,ju
m,24,翱,2,ao
m,24,涯,2,ya
m,24,六,2,liu
m,24,冈,2,gang
m,24,葆,2,bao
m,24,现,2,xian
m,24,步,2,bu
m,24,陈,2,chen
m,23,阅,2,yue
m,23,樟,2,zhang
m,23,伸,2,shen
m,23,骋,2,cheng
m,23,际,2,ji
m,23,状,2,zhuang
m,22,恪,2,ke
m,22,迎,2,ying
m,22,灼,2,zhuo
m,22,晔,2,ye
m,22,笙,2,sheng
m,22,仿,2,fang
m,22,横,2,heng
m,22,闽,2,min
m,22,烜,2,xuan
m,21,亲,2,qin
m,21,拯,2,zheng
m,21,谱,2,pu
m,21,遵,2,zun
m,21,致,2,zhi
m,21,速,2,su
m,21,潭,2,tan
m,21,积,2,ji
m,21,宠,2,chong
m,21,柳,2,liu
m,21,身,2,shen
m,21,葵,2,kui
m,20,叙,2,xu
m,20,左,2,zuo
m,20,分,2,fen
m,20,符,2,fu
m,20,葛,2,ge
m,20,涧,2,jian
m,20,楚,2,chu
m,20,誉,2,yu
m,20,至,2,zhi
m,20,盘,2,pan
m,20,循,2,xun
m,20,炽,2,chi
m,20,郭,2,guo
m,20,竣,2,jun
m,20,落,2,luo
m,20,养,2,yang
m,20,坝,2,ba
m,20,搏,2,bo
m,20,圳,2,zhen
m,20,虞,2,yu
m,20,珩,2,hang
m,19,提,2,ti
m,19,乙,2,yi
m,19,遇,2,yu
m,19,辽,2,liao
m,19,焯,2,chao
m,19,乘,2,cheng
m,19,曹,2,cao
m,19,汗,2,han
m,19,过,2,guo
m,19,匡,2,kuang
m,19,绵,2,mian
m,19,鳌,2,ao
m,19,解,2,jie
m,19,府,2,fu
m,19,电,2,dian
m,19,镐,2,gao
m,18,户,2,hu
m,18,弥,2,mi
m,18,崖,2,ya
m,18,辛,2,xin
m,18,旋,2,xuan
m,18,易,2,yi
m,18,尤,2,you
m,18,持,2,chi
m,18,狮,2,shi
m,18,祜,2,hu
m,18,荪,2,sun
m,18,轶,2,yi
m,17,从,2,cong
m,17,衣,2,yi
m,17,巩,2,gong
m,17,动,2,dong
m,17,肇,2,zhao
m,17,融,2,rong
m,17,盖,2,gai
m,17,泾,2,jing
m,17,丕,2,pi
m,17,荐,2,jian
m,17,梓,2,zi
m,17,焘,2,dao
m,17,沂,2,yi
m,17,懿,2,yi
m,17,洞,2,dong
m,17,傅,2,fu
m,17,慰,2,wei
m,17,铠,2,kai
m,17,论,2,lun
m,17,洽,2,qia
m,17,悌,2,ti
m,17,造,2,zao
m,17,计,2,ji
m,17,喆,2,zhe
m,16,娃,2,wa
m,16,荆,2,jing
m,16,敢,2,gan
m,16,鄂,2,e
m,16,轮,2,lun
m,16,激,2,ji
m,16,骧,2,xiang
m,16,必,2,bi
m,16,畴,2,chou
m,16,牧,2,mu
m,16,浙,2,zhe
m,16,百,2,bai
m,16,温,2,wen
m,16,溯,2,su
m,16,锵,2,qiang
m,16,巴,2,ba
m,16,滕,2,teng
m,15,交,2,jiao
m,15,角,2,jiao
m,15,笃,2,du
m,15,忌,2,ji
m,15,茁,2,zhuo
m,15,銮,2,luan
m,15,贯,2,guan
m,15,肯,2,ken
m,15,粮,2,liang
m,15,门,2,men
m,15,器,2,qi
m,15,站,2,zhan
m,15,蒙,2,meng
m,15,秦,2,qin
m,15,工,2,gong
m,15,峙,2,zhi
m,15,恢,2,hui
m,15,峥,2,zheng
m,15,寨,2,zhai
m,15,涵,2,han
m,14,邻,2,lin
m,14,渔,2,yu
m,14,贡,2,gong
m,14,随,2,sui
m,14,旌,2,jing
m,14,璜,2,huang
m,14,泗,2,si
m,14,席,2,xi
m,14,灯,2,deng
m,14,冉,2,ran
m,14,率,2,lv
m,14,睦,2,mu
m,14,虔,2,qian
m,14,庶,2,shu
m,14,旻,2,min
m,14,坪,2,ping
m,14,悟,2,wu
m,14,己,2,ji
m,14,珉,2,min
m,14,草,2,cao
m,14,弓,2,gong
m,13,代,2,dai
m,13,季,2,ji
m,13,圻,2,qi
m,13,劭,2,shao
m,13,晏,2,yan
m,13,助,2,zhu
m,13,注,2,zhu
m,13,樵,2,qiao
m,13,芽,2,ya
m,13,仰,2,yang
m,13,溢,2,yi
m,13,卯,2,mao
m,13,麻,2,ma
m,13,史,2,shi
m,13,镒,2,yi
m,13,朕,2,zhen
m,13,绥,2,sui
m,13,畏,2,wei
m,13,资,2,zi
m,13,磐,2,pan
m,13,寺,2,si
m,12,栎,2,li
m,12,迁,2,qian
m,12,甸,2,dian
m,12,侨,2,qiao
m,12,沣,2,feng
m,12,顾,2,gu
m,12,毫,2,hao
m,12,考,2,kao
m,12,就,2,jiu
m,12,汐,2,xi
m,12,翊,2,yi
m,12,煦,2,xu
m,12,裔,2,yi
m,12,沪,2,hu
m,12,绅,2,shen
m,12,径,2,jing
m,12,宰,2,zai
m,12,珂,2,ke
m,12,壹,2,yi
m,11,渐,2,jian
m,11,耐,2,nai
m,11,宴,2,yan
m,11,难,2,nan
m,11,荃,2,quan
m,11,几,2,ji
m,11,阜,2,fu
m,11,近,2,jin
m,11,链,2,lian
m,11,异,2,yi
m,11,纵,2,zong
m,11,遐,2,xia
m,11,禾,2,he
m,11,目,2,mu
m,11,刃,2,ren
m,11,窑,2,yao
m,11,堪,2,kan
m,11,马,2,ma
m,10,熏,2,xun
m,10,荡,2,dang
m,10,梧,2,wu
m,10,堡,2,bao
m,10,励,2,li
m,10,琮,2,cong
m,10,舫,2,fang
m,10,赣,2,gan
m,10,告,2,gao
m,10,龚,2,gong
m,10,隽,2,juan
m,10,珑,2,long
m,10,旅,2,lv
m,10,杞,2,qi
m,10,务,2,wu
m,10,汤,2,tang
m,10,厅,2,ting
m,10,概,2,gai
m,10,壁,2,bi
m,10,护,2,hu
m,10,岱,2,dai
m,10,蒋,2,jiang
m,10,垠,2,yin
m,10,若,2,ruo
m,10,脉,2,mai
m,10,整,2,zheng
m,10,轲,2,ke
m,10,御,2,yu
m,10,毓,2,yu
m,9,何,2,he
m,9,简,2,jian
m,9,彝,2,yi
m,9,上,2,shang
m,9,命,2,ming
m,9,郁,2,yu
m,9,格,2,ge
m,9,奈,2,nai
m,9,堤,2,di
m,9,珲,2,hui
m,9,燎,2,liao
m,9,潘,2,pan
m,9,皇,2,huang
m,9,祈,2,qi
m,9,曰,2,yue
m,9,巡,2,xun
m,9,项,2,xiang
m,9,沧,2,cang
m,9,践,2,jian
m,9,塔,2,ta
m,9,要,2,yao
m,9,燊,2,shen
m,9,再,2,zai
m,9,住,2,zhu
m,9,服,2,fu
m,9,船,2,chuan
m,9,辑,2,ji
m,9,驷,2,si
m,9,笔,2,bi
m,9,铂,2,bo
m,9,屯,2,tun
m,8,佛,2,fu
m,8,优,2,you
m,8,杉,2,shan
m,8,报,2,bao
m,8,词,2,ci
m,8,夺,2,duo
m,8,管,2,guan
m,8,榆,2,yu
m,8,快,2,kuai
m,8,庞,2,pang
m,8,柄,2,bing
m,8,宋,2,song
m,8,多,2,duo
m,8,术,2,shu
m,8,宿,2,su
m,8,须,2,xu
m,8,拥,2,yong
m,8,红,2,hong
m,8,聿,2,yu
m,8,产,2,chan
m,8,颐,2,yi
m,8,琢,2,zuo
m,8,今,2,jin
m,8,移,2,yi
m,8,七,2,qi
m,8,技,2,ji
m,8,桑,2,sang
m,8,扩,2,kuo
m,8,粟,2,su
m,8,汶,2,wen
m,8,挥,2,hui
m,8,莘,2,shen
m,8,执,2,zhi
m,8,研,2,yan
m,8,旬,2,xun
m,8,监,2,jian
m,8,欧,2,ou
m,8,忍,2,ren
m,8,二,2,er
m,8,系,2,xi
m,8,攸,2,you
m,8,右,2,you
m,8,骝,2,liu
m,8,淇,2,qi
m,7,沃,2,wo
m,7,漠,2,mo
m,7,朔,2,shuo
m,7,黄,2,huang
m,7,坛,2,tan
m,7,棉,2,mian
m,7,钿,2,dian
m,7,奖,2,jiang
m,7,稼,2,jia
m,7,赏,2,shang
m,7,车,2,che
m,7,穆,2,mu
m,7,韦,2,wei
m,7,首,2,shou
m,7,汀,2,ting
m,7,肃,2,su
m,7,族,2,zu
m,7,及,2,ji
m,7,伏,2,fu
m,7,接,2,jie
m,7,黔,2,qian
m,7,圭,2,gui
m,7,综,2,zong
m,7,灶,2,zao
m,7,衷,2,zhong
m,7,赖,2,lai
m,7,老,2,lao
m,7,拴,2,shuan
m,7,骑,2,qi
m,7,昔,2,xi
m,7,矿,2,kuang
m,7,问,2,wen
m,7,映,2,ying
m,7,谨,2,jin
m,6,称,2,cheng
m,6,霍,2,huo
m,6,闵,2,min
m,6,澜,2,lan
m,6,响,2,xiang
m,6,藏,2,cang
m,6,霁,2,ji
m,6,规,2,gui
m,6,粹,2,cui
m,6,洵,2,xun
m,6,谅,2,liang
m,6,戎,2,rong
m,6,韩,2,han
m,6,妙,2,miao
m,6,奕,2,yi
m,6,翁,2,weng
m,6,诏,2,zhao
m,6,夷,2,yi
m,6,议,2,yi
m,6,督,2,du
m,6,怿,2,yi
m,6,诒,2,yi
m,6,扶,2,fu
m,6,自,2,zi
m,6,泮,2,pan
m,6,沿,2,yan
m,6,习,2,xi
m,6,崴,2,wai
m,6,杲,2,gao
m,6,绳,2,sheng
m,6,圃,2,pu
m,6,楫,2,ji
m,6,艇,2,ting
m,5,郡,2,jun
m,5,骆,2,luo
m,5,鹿,2,lu
m,5,李,2,li
m,5,祠,2,ci
m,5,耘,2,yun
m,5,还,2,hai
m,5,璧,2,bi
m,5,伙,2,huo
m,5,取,2,qu
m,5,什,2,shen
m,5,是,2,shi
m,5,稷,2,ji
m,5,屋,2,wu
m,5,隐,2,yin
m,5,识,2,shi
m,5,厦,2,sha
m,5,钏,2,chuan
m,5,濮,2,pu
m,5,爽,2,shuang
m,5,译,2,yi
m,5,停,2,ting
m,5,证,2,zheng
m,5,拔,2,ba
m,5,院,2,yuan
m,5,支,2,zhi
m,5,企,2,qi
m,5,犀,2,xi
m,5,菘,2,song
m,5,兹,2,zi
m,5,宅,2,zhai
m,5,皆,2,jie
m,5,秩,2,zhi
m,5,铄,2,shuo
m,5,职,2,zhi
m,5,种,2,zhong
m,5,八,2,ba
m,5,盟,2,meng
m,4,兔,2,tu
m,4,牙,2,ya
m,4,魏,2,wei
m,4,去,2,qu
m,4,铧,2,hua
m,4,仪,2,yi
m,4,锜,2,qi
m,4,评,2,ping
m,4,佰,2,bai
m,4,焜,2,kun
m,4,萌,2,meng
m,4,共,2,gong
m,4,员,2,yuan
m,4,咏,2,yong
m,4,足,2,zu
m,4,米,2,mi
m,4,笋,2,sun
m,4,默,2,mo
m,4,昀,2,yun
m,4,愉,2,yu
m,4,鼐,2,nai
m,4,庵,2,an
m,4,倬,2,zhuo
m,4,戚,2,qi
m,4,镔,2,bin
m,4,墀,2,chi
m,4,惊,2,jing
m,4,翥,2,zhu
m,4,冕,2,mian
m,4,庐,2,lu
m,4,铣,2,xi
m,4,竞,2,jing
m,4,岛,2,dao
m,4,区,2,qu
m,4,鱼,2,yu
m,4,沐,2,mu
m,4,瓒,2,zan
m,4,包,2,bao
m,4,谕,2,yu
m,4,绰,2,chuo
m,4,霸,2,ba
m,4,迟,2,chi
m,4,溟,2,ming
m,4,叔,2,shu
m,4,彻,2,che
m,4,未,2,wei
m,4,密,2,mi
m,4,俞,2,yu
m,4,蜀,2,shu
m,4,栩,2,xu
m,4,莱,2,lai
m,4,而,2,er
m,3,仟,2,qian
m,3,遥,2,yao
m,3,丘,2,qiu
m,3,蒲,2,pu
m,3,郝,2,hao
m,3,绶,2,shou
m,3,墉,2,yong
m,3,蕃,2,fan
m,3,盾,2,dun
m,3,途,2,tu
m,3,归,2,gui
m,3,聘,2,pin
m,3,样,2,yang
m,3,事,2,shi
m,3,邈,2,miao
m,3,淘,2,tao
m,3,暖,2,nuan
m,3,揆,2,kui
m,3,县,2,xian
m,3,享,2,xiang
m,3,覃,2,tan
m,3,庠,2,xiang
m,3,十,2,shi
m,3,储,2,chu
m,3,劳,2,lao
m,3,邺,2,ye
m,3,总,2,zong
m,3,头,2,tou
m,3,戬,2,jian
m,3,佟,2,tong
m,3,镝,2,di
m,3,胥,2,xu
m,3,琰,2,yan
m,3,峤,2,jiao
m,3,眼,2,yan
m,3,贝,2,bei
m,3,膺,2,ying
m,3,霈,2,pei
m,3,所,2,suo
m,3,浔,2,xun
m,3,炀,2,yang
m,3,悦,2,yue
m,3,襄,2,xiang
m,3,旸,2,yang
m,3,诗,2,shi
m,3,耳,2,er
m,3,询,2,xun
m,3,饶,2,rao
m,3,卜,2,bo
m,3,岑,2,cen
m,3,捍,2,han
m,3,歌,2,ge
m,3,围,2,wei
m,3,采,2,cai
m,3,虚,2,xu
m,3,赢,2,ying
m,3,桃,2,tao
m,3,构,2,gou
m,3,客,2,ke
m,3,顿,2,dun
m,3,奥,2,ao
m,3,骢,2,cong
m,3,董,2,dong
m,3,钺,2,yue
m,3,慕,2,mu
m,3,庙,2,miao
m,3,锷,2,e
m,3,弛,2,chi
m,2,撒,2,sa
m,2,示,2,shi
m,2,舒,2,shu
m,2,苇,2,wei
m,2,拉,2,la
m,2,掌,2,zhang
m,2,赟,2,yun
m,2,筑,2,zhu
m,2,套,2,tao
m,2,倪,2,ni
m,2,听,2,ting
m,2,弋,2,yi
m,2,岁,2,sui
m,2,兢,2,jing
m,2,尼,2,ni
m,2,榛,2,zhen
m,2,邱,2,qiu
m,2,斐,2,fei
m,2,鳞,2,lin
m,2,勖,2,xu
m,2,离,2,li
m,2,砺,2,li
m,2,衔,2,xian
m,2,箫,2,xiao
m,2,场,2,chang
m,2,履,2,lv
m,2,腊,2,la
m,2,束,2,shu
m,2,汾,2,fen
m,2,凉,2,liang
m,2,呼,2,hu
m,2,粱,2,liang
m,2,钻,2,zuan
m,2,烁,2,shuo
m,2,择,2,ze
m,2,察,2,cha
m,2,峦,2,luan
m,2,浴,2,yu
m,2,忻,2,xin
m,2,沫,2,mo
m,2,甬,2,yong
m,2,赛,2,sai
m,2,垂,2,chui
m,2,活,2,huo
m,2,侗,2,dong
m,2,塬,2,yuan
m,2,检,2,jian
m,2,扣,2,kou
m,2,澈,2,che
m,2,性,2,xing
m,2,裘,2,qiu
m,2,傲,2,ao
m,2,缘,2,yuan
m,2,逍,2,xiao
m,2,闳,2,hong
m,2,闰,2,run
m,2,秘,2,mi
m,2,殷,2,yin
m,2,字,2,zi
m,2,排,2,pai
m,2,卷,2,juan
m,2,毕,2,bi
m,2,塘,2,tang
m,2,祎,2,yi
m,2,诸,2,zhu
m,2,箴,2,zhen
m,2,秒,2,miao
m,2,芦,2,lu
m,2,唯,2,wei
m,2,琏,2,lian
m,2,砚,2,yan
m,2,爱,2,ai
m,2,铃,2,ling
m,2,卡,2,ka
m,2,候,2,hou
m,2,诺,2,nuo
m,2,少,2,shao
m,2,巽,2,xun
m,2,蔺,2,lin
m,2,弦,2,xian
m,2,店,2,dian
m,2,浜,2,bang
m,2,犁,2,li
m,2,乡,2,xiang
m,2,涉,2,she
m,2,约,2,yue
m,1,鲸,2,jing
m,1,茅,2,mao
m,1,寂,2,ji
m,1,颜,2,yan
m,1,针,2,zhen
m,1,鸥,2,ou
m,1,邑,2,yi
m,1,瓦,2,wa
m,1,屿,2,yu
m,1,麓,2,lu
m,1,绎,2,yi
m,1,胄,2,zhou
m,1,谌,2,chen
m,1,鋆,2,yun
m,1,阵,2,zhen
m,1,亢,2,kang
m,1,袭,2,xi
m,1,楹,2,ying
m,1,阿,2,a
m,1,萨,2,sa
m,1,吴,2,wu
m,1,於,2,yu
m,1,缪,2,mou
m,1,预,2,yu
m,1,姚,2,yao
m,1,辞,2,ci
m,1,晰,2,xi
m,1,抗,2,kang
m,1,气,2,qi
m,1,汛,2,xun
m,1,情,2,qing
m,1,跳,2,tiao
m,1,杜,2,du
m,1,穹,2,qiong
m,1,引,2,yin
m,1,瑚,2,hu
m,1,矩,2,ju
m,1,奂,2,huan
m,1,缙,2,jin
m,1,夔,2,kui
m,1,荀,2,xun
m,1,晚,2,wan
m,1,圩,2,wei
m,1,丫,2,ya
m,1,早,2,zao
m,1,晗,2,han
m,1,汕,2,shan
m,1,罕,2,han
m,1,烛,2,zhu
m,1,昉,2,fang
m,1,沆,2,hang
m,1,凰,2,huang
m,1,芾,2,fei
m,1,带,2,dai
m,1,幼,2,you
m,1,绛,2,jiang
m,1,梵,2,fan
m,1,赓,2,geng
m,1,司,2,si
m,1,刀,2,dao
m,1,忧,2,you
m,1,蜂,2,feng
m,1,炅,2,jiong
m,1,圈,2,quan
m,1,努,2,nu
m,1,陇,2,long
m,1,绫,2,ling
m,1,黑,2,hei
m,1,蔡,2,cai
m,1,粤,2,yue
m,1,锰,2,meng
m,1,苗,2,miao
m,1,卢,2,lu
m,1,戟,2,ji
m,1,浮,2,fu
m,1,予,2,yu
m,1,唱,2,chang
m,1,敷,2,fu
m,1,吕,2,lv
m,1,霭,2,ai
m,1,葳,2,wei
m,1,淋,2,lin
m,1,谢,2,xie
m,1,椒,2,jiao
m,1,琇,2,xiu
m,1,艮,2,gen
m,1,轼,2,shi
m,1,谭,2,tan
m,1,沈,2,shen
m,1,惠,2,hui
m,1,郊,2,jiao
m,1,艾,2,ai
m,1,珣,2,xun
m,1,斯,2,si
m,1,语,2,yu
m,1,讷,2,ne
m,1,月,2,yue
m,1,郢,2,ying
m,1,斓,2,lan
m,1,燃,2,ran
m,1,亦,2,yi
m,1,碧,2,bi
m,1,邢,2,xing
m,1,墙,2,qiang
m,1,皮,2,pi
m,1,据,2,ju
m,1,岫,2,xiu
m,1,珀,2,po
m,1,殊,2,shu
m,1,托,2,tuo
m,1,彧,2,yu
m,1,峡,2,xia
m,1,萧,2,xiao
m,1,穗,2,sui
m,1,颀,2,qi
m,1,濠,2,hao
m,1,禅,2,chan
m,1,诠,2,quan
m,1,薰,2,xun
m,1,恂,2,xun
m,1,俨,2,yan
m,1,鎏,2,liu
m,1,潇,2,xiao
m,1,感,2,gan
m,1,巢,2,chao
m,1,拙,2,zhuo
m,1,函,2,han
m,1,危,2,wei
m,1,袁,2,yuan
m,1,琥,2,hu
m,1,牵,2,qian
m,1,者,2,zhe
m,1,粲,2,can
m,1,瑟,2,se
m,1,谈,2,tan
m,1,徐,2,xu
m,1,熔,2,rong
m,1,暄,2,xuan
m,1,思,2,si
m,1,勰,2,xie
m,1,栗,2,li
m,1,点,2,dian
m,1,勒,2,lei
m,1,甘,2,gan
f,11582,晓,1,xiao
f,9629,丽,1,li
f,8459,玉,1,yu
f,7002,秀,1,xiu
f,6208,春,1,chun
f,5927,文,1,wen
f,5604,艳,1,yan
f,5581,雪,1,xue
f,5437,美,1,mei
f,5293,淑,1,shu
f,4775,红,1,hong
f,4373,佳,1,jia
f,4289,海,1,hai
f,4240,慧,1,hui
f,4099,亚,1,ya
f,4092,桂,1,gui
f,4080,金,1,jin
f,4038,燕,1,yan
f,3833,梦,1,meng
f,3820,凤,1,feng
f,3678,秋,1,qiu
f,3632,雅,1,ya
f,3580,爱,1,ai
f,3288,素,1,su
f,3013,惠,1,hui
f,2943,静,1,jing
f,2846,翠,1,cui
f,2817,月,1,yue
f,2716,思,1,si
f,2576,彩,1,cai
f,2535,明,1,ming
f,2403,雨,1,yu
f,2386,瑞,1,rui
f,2366,丹,1,dan
f,2315,云,1,yun
f,2278,玲,1,ling
f,2090,敏,1,min
f,2082,建,1,jian
f,2049,志,1,zhi
f,1997,冬,1,dong
f,1994,莉,1,li
f,1954,兰,1,lan
f,1953,巧,1,qiao
f,1946,永,1,yong
f,1932,少,1,shao
f,1854,子,1,zi
f,1849,芳,1,fang
f,1840,梅,1,mei
f,1793,国,1,guo
f,1765,欣,1,xin
f,1692,佩,1,pei
f,1647,华,1,hua
f,1619,利,1,li
f,1551,新,1,xin
f,1539,青,1,qing
f,1535,洁,1,jie
f,1532,嘉,1,jia
f,1481,俊,1,jun
f,1423,碧,1,bi
f,1417,颖,1,ying
f,1389,倩,1,qian
f,1382,宝,1,bao
f,1368,银,1,yin
f,1332,菊,1,ju
f,1328,世,1,shi
f,1324,婉,1,wan
f,1268,英,1,ying
f,1254,怡,1,yi
f,1203,琳,1,lin
f,1198,林,1,lin
f,1192,香,1,xiang
f,1166,冰,1,bing
f,1150,伟,1,wei
f,1106,雯,1,wen
f,1096,庆,1,qing
f,1085,琼,1,qiong
f,1074,清,1,qing
f,1043,珍,1,zhen
f,1028,会,1,hui
f,1020,娟,1,juan
f,1006,立,1,li
f,1005,晶,1,jing
f,976,德,1,de
f,975,若,1,ruo
f,965,婷,1,ting
f,950,学,1,xue
f,929,艺,1,yi
f,926,诗,1,shi
f,898,洪,1,hong
f,890,灵,1,ling
f,873,莹,1,ying
f,849,紫,1,zi
f,845,水,1,shui
f,842,露,1,lu
f,836,曼,1,man
f,834,群,1,qun
f,823,锦,1,jin
f,820,一,1,yi
f,812,琴,1,qin
f,808,璐,1,lu
f,792,东,1,dong
f,789,媛,1,yuan
f,785,婧,1,jing
f,778,家,1,jia
f,775,君,1,jun
f,773,风,1,feng
f,762,莲,1,lian
f,757,笑,1,xiao
f,752,维,1,wei
f,748,娜,1,na
f,748,珊,1,shan
f,743,萍,1,ping
f,731,苏,1,su
f,728,双,1,shuang
f,724,荣,1,rong
f,721,柳,1,liu
f,715,依,1,yi
f,714,书,1,shu
f,713,菲,1,fei
f,708,霞,1,xia
f,688,赛,1,sai
f,685,彦,1,yan
f,684,舒,1,shu
f,665,宇,1,yu
f,661,娇,1,jiao
f,661,正,1,zheng
f,659,蓉,1,rong
f,659,天,1,tian
f,658,成,1,cheng
f,656,仙,1,xian
f,638,妍,1,yan
f,630,园,1,yuan
f,627,安,1,an
f,621,连,1,lian
f,614,馨,1,xin
f,612,钰,1,yu
f,606,欢,1,huan
f,601,长,1,zhang
f,597,湘,1,xiang
f,595,薇,1,wei
f,594,楚,1,chu
f,593,玮,1,wei
f,591,黎,1,li
f,585,琪,1,qi
f,577,凌,1,ling
f,577,真,1,zhen
f,574,继,1,ji
f,563,芬,1,fen
f,562,卫,1,wei
f,560,福,1,fu
f,558,茜,1,qian
f,557,培,1,pei
f,556,瑶,1,yao
f,554,悦,1,yue
f,550,旭,1,xu
f,549,微,1,wei
f,549,心,1,xin
f,548,光,1,guang
f,546,细,1,xi
f,546,贵,1,gui
f,544,莎,1,sha
f,543,筱,1,xiao
f,540,夏,1,xia
f,538,兴,1,xing
f,532,楠,1,nan
f,530,喜,1,xi
f,528,江,1,jiang
f,524,蓓,1,bei
f,522,景,1,jing
f,521,娅,1,ya
f,517,忠,1,zhong
f,513,虹,1,hong
f,513,妙,1,miao
f,508,树,1,shu
f,504,蕾,1,lei
f,504,元,1,yuan
f,500,妮,1,ni
f,497,昕,1,xin
f,491,苗,1,miao
f,474,竹,1,zhu
f,473,潇,1,xiao
f,470,飞,1,fei
f,469,琦,1,qi
f,466,姗,1,shan
f,464,芸,1,yun
f,463,智,1,zhi
f,456,花,1,hua
f,453,容,1,rong
f,452,聪,1,cong
f,452,晴,1,qing
f,451,盈,1,ying
f,451,如,1,ru
f,449,圆,1,yuan
f,445,晨,1,chen
f,444,可,1,ke
f,440,菁,1,jing
f,429,贝,1,bei
f,429,叶,1,ye
f,426,朋,1,peng
f,426,韵,1,yun
f,425,芝,1,zhi
f,424,瑜,1,yu
f,424,广,1,guang
f,423,肖,1,xiao
f,420,杏,1,xing
f,419,咏,1,yong
f,414,蒙,1,meng
f,414,振,1,zhen
f,411,映,1,ying
f,405,盼,1,pan
f,405,剑,1,jian
f,403,伊,1,yi
f,403,甜,1,tian
f,402,军,1,jun
f,401,传,1,chuan
f,396,宏,1,hong
f,395,迎,1,ying
f,395,芷,1,zhi
f,391,大,1,da
f,389,朝,1,chao
f,384,方,1,fang
f,383,彤,1,tong
f,381,羽,1,yu
f,377,凯,1,kai
f,376,满,1,man
f,374,萌,1,meng
f,373,瑛,1,ying
f,367,蔚,1,wei
f,360,蕊,1,rui
f,357,绍,1,shao
f,356,沙,1,sha
f,356,泽,1,ze
f,355,士,1,shi
f,354,寒,1,han
f,350,亭,1,ting
f,349,瑾,1,jin
f,348,桃,1,tao
f,347,然,1,ran
f,346,友,1,you
f,339,姝,1,shu
f,339,宗,1,zong
f,336,良,1,liang
f,336,先,1,xian
f,335,茹,1,ru
f,335,绮,1,qi
f,334,岚,1,lan
f,333,白,1,bai
f,329,影,1,ying
f,329,姣,1,jiao
f,321,祥,1,xiang
f,320,远,1,yuan
f,319,斐,1,fei
f,315,奕,1,yi
f,314,延,1,yan
f,305,爽,1,shuang
f,305,祖,1,zu
f,299,润,1,run
f,299,中,1,zhong
f,299,兆,1,zhao
f,298,璇,1,xuan
f,297,卓,1,zhuo
f,296,开,1,kai
f,295,涵,1,han
f,293,珂,1,ke
f,291,昌,1,chang
f,290,启,1,qi
f,286,婵,1,chan
f,286,婕,1,jie
f,284,顺,1,shun
f,282,龙,1,long
f,276,仁,1,ren
f,276,胜,1,sheng
f,275,芹,1,qin
f,273,吉,1,ji
f,272,阿,1,a
f,267,果,1,guo
f,267,三,1,san
f,257,斯,1,si
f,255,鸿,1,hong
f,253,万,1,wan
f,251,曦,1,xi
f,251,平,1,ping
f,250,孟,1,meng
f,245,艾,1,ai
f,244,珠,1,zhu
f,244,玥,1,yue
f,244,运,1,yun
f,244,孝,1,xiao
f,242,超,1,chao
f,241,松,1,song
f,240,卉,1,hui
f,240,靖,1,jing
f,239,逸,1,yi
f,238,焕,1,huan
f,238,义,1,yi
f,233,育,1,yu
f,232,霜,1,shuang
f,232,梓,1,zi
f,231,荷,1,he
f,229,琛,1,chen
f,229,改,1,gai
f,224,靓,1,jing
f,222,健,1,jian
f,221,冉,1,ran
f,218,乐,1,le
f,216,铃,1,ling
f,216,希,1,xi
f,215,懿,1,yi
f,215,宁,1,ning
f,214,茂,1,mao
f,213,贞,1,zhen
f,212,茵,1,yin
f,212,克,1,ke
f,212,京,1,jing
f,210,语,1,yu
f,209,其,1,qi
f,208,向,1,xiang
f,207,贤,1,xian
f,204,幼,1,you
f,202,阳,1,yang
f,200,益,1,yi
f,198,有,1,you
f,197,二,1,er
f,196,沁,1,qin
f,195,圣,1,sheng
f,195,敬,1,jing
f,194,榕,1,rong
f,193,俐,1,li
f,192,晗,1,han
f,191,代,1,dai
f,190,玫,1,mei
f,190,毓,1,yu
f,189,琰,1,yan
f,188,蕴,1,yun
f,188,怀,1,huai
f,187,木,1,mu
f,186,媚,1,mei
f,186,腊,1,la
f,185,李,1,li
f,181,樱,1,ying
f,179,星,1,xing
f,176,苑,1,yuan
f,175,歌,1,ge
f,175,富,1,fu
f,172,仕,1,shi
f,169,伶,1,ling
f,169,西,1,xi
f,168,音,1,yin
f,168,蓝,1,lan
f,166,莺,1,ying
f,166,嫣,1,yan
f,165,娴,1,xian
f,163,亦,1,yi
f,162,格,1,ge
f,161,珏,1,jue
f,161,观,1,guan
f,161,鑫,1,xin
f,160,忆,1,yi
f,159,应,1,ying
f,158,慕,1,mu
f,158,漫,1,man
f,158,根,1,gen
f,157,招,1,zhao
f,154,日,1,ri
f,153,汝,1,ru
f,152,久,1,jiu
f,151,恩,1,en
f,150,道,1,dao
f,148,萱,1,xuan
f,148,全,1,quan
f,147,恬,1,tian
f,147,含,1,han
f,147,廷,1,ting
f,147,锡,1,xi
f,146,滢,1,ying
f,146,雁,1,yan
f,145,跃,1,yue
f,144,丝,1,si
f,144,纯,1,chun
f,143,汉,1,han
f,140,杉,1,shan
f,139,俏,1,qiao
f,139,轶,1,yi
f,136,蕙,1,hui
f,136,密,1,mi
f,136,姿,1,zi
f,136,承,1,cheng
f,133,宜,1,yi
f,133,昭,1,zhao
f,131,筠,1,yun
f,131,苹,1,ping
f,130,旦,1,dan
f,130,显,1,xian
f,129,睿,1,rui
f,129,辉,1,hui
f,128,缘,1,yuan
f,127,本,1,ben
f,126,情,1,qing
f,126,隽,1,juan
f,126,礼,1,li
f,125,诺,1,nuo
f,124,绿,1,lv
f,123,米,1,mi
f,123,芯,1,xin
f,123,歆,1,xin
f,122,澜,1,lan
f,122,柔,1,rou
f,120,芮,1,rui
f,119,璞,1,pu
f,119,萧,1,xiao
f,119,璟,1,jing
f,119,善,1,shan
f,118,湾,1,wan
f,118,丛,1,cong
f,117,冠,1,guan
f,116,保,1,bao
f,115,路,1,lu
f,113,采,1,cai
f,112,凝,1,ning
f,111,葵,1,kui
f,111,加,1,jia
f,111,茗,1,ming
f,110,娥,1,e
f,110,傲,1,ao
f,109,勤,1,qin
f,108,旻,1,min
f,108,定,1,ding
f,107,从,1,cong
f,107,杰,1,jie
f,107,守,1,shou
f,106,芊,1,qian
f,106,南,1,nan
f,106,耀,1,yao
f,105,芙,1,fu
f,105,祎,1,yi
f,105,昱,1,yu
f,104,荔,1,li
f,104,穗,1,sui
f,104,发,1,fa
f,102,凡,1,fan
f,102,宛,1,wan
f,102,占,1,zhan
f,102,和,1,he
f,101,引,1,yin
f,100,姬,1,ji
f,100,霏,1,fei
f,100,杨,1,yang
f,100,融,1,rong
f,100,千,1,qian
f,100,之,1,zhi
f,99,田,1,tian
f,97,妃,1,fei
f,97,粉,1,fen
f,97,进,1,jin
f,95,铭,1,ming
f,94,娣,1,di
f,94,岑,1,cen
f,94,琬,1,wan
f,93,高,1,gao
f,93,绪,1,xu
f,93,增,1,zeng
f,92,禾,1,he
f,92,蔓,1,man
f,90,杜,1,du
f,90,纪,1,ji
f,90,桑,1,sang
f,89,漪,1,yi
f,88,翎,1,ling
f,88,坤,1,kun
f,88,才,1,cai
f,87,盟,1,meng
f,87,郁,1,yu
f,87,来,1,lai
f,86,淇,1,qi
f,86,净,1,jing
f,86,令,1,ling
f,85,鲜,1,xian
f,85,博,1,bo
f,85,恋,1,lian
f,84,眉,1,mei
f,84,宪,1,xian
f,83,蝶,1,die
f,83,珺,1,jun
f,83,相,1,xiang
f,83,九,1,jiu
f,83,晋,1,jin
f,82,存,1,cun
f,82,铁,1,tie
f,82,炳,1,bing
f,82,生,1,sheng
f,81,皎,1,jiao
f,81,吟,1,yin
f,81,幸,1,xing
f,81,崇,1,chong
f,80,鸽,1,ge
f,80,毅,1,yi
f,80,仲,1,zhong
f,80,妹,1,mei
f,79,菡,1,han
f,79,常,1,chang
f,78,力,1,li
f,78,唯,1,wei
f,77,梨,1,li
f,77,苇,1,wei
f,77,施,1,shi
f,77,裕,1,yu
f,76,石,1,shi
f,75,鹏,1,peng
f,75,四,1,si
f,74,胡,1,hu
f,74,拉,1,la
f,74,盛,1,sheng
f,73,单,1,dan
f,73,转,1,zhuan
f,72,乃,1,nai
f,71,函,1,han
f,71,庭,1,ting
f,70,康,1,kang
f,69,豆,1,dou
f,69,尹,1,yin
f,68,环,1,huan
f,68,霁,1,ji
f,68,泳,1,yong
f,68,意,1,yi
f,68,尚,1,shang
f,67,菱,1,ling
f,67,业,1,ye
f,67,韦,1,wei
f,67,译,1,yi
f,67,王,1,wang
f,67,品,1,pin
f,65,卡,1,ka
f,65,同,1,tong
f,65,淋,1,lin
f,65,悠,1,you
f,65,萃,1,cui
f,65,绣,1,xiu
f,65,沛,1,pei
f,65,乔,1,qiao
f,64,朵,1,duo
f,64,葳,1,wei
f,64,恒,1,heng
f,64,付,1,fu
f,64,火,1,huo
f,64,再,1,zai
f,63,柏,1,bai
f,62,央,1,yang
f,62,浩,1,hao
f,62,自,1,zi
f,62,颜,1,yan
f,61,那,1,na
f,61,以,1,yi
f,60,涓,1,juan
f,60,馥,1,fu
f,60,献,1,xian
f,60,玛,1,ma
f,59,越,1,yue
f,59,祝,1,zhu
f,58,鹃,1,juan
f,58,枚,1,mei
f,58,六,1,liu
f,58,伯,1,bo
f,57,宵,1,xiao
f,57,尔,1,er
f,57,飘,1,piao
f,56,霓,1,ni
f,56,荟,1,hui
f,56,陈,1,chen
f,55,妤,1,yu
f,55,季,1,ji
f,55,寿,1,shou
f,54,章,1,zhang
f,54,修,1,xiu
f,54,烨,1,ye
f,53,鹭,1,lu
f,53,奇,1,qi
f,53,嫦,1,chang
f,53,勇,1,yong
f,52,愉,1,yu
f,52,熙,1,xi
f,52,照,1,zhao
f,52,治,1,zhi
f,51,丰,1,feng
f,51,鸣,1,ming
f,51,韶,1,shao
f,50,频,1,pin
f,50,优,1,you
f,50,弦,1,xian
f,50,点,1,dian
f,50,姜,1,jiang
f,48,喻,1,yu
f,48,太,1,tai
f,47,惜,1,xi
f,47,黛,1,dai
f,47,沫,1,mo
f,47,瑗,1,yuan
f,47,柯,1,ke
f,47,鲁,1,lu
f,46,科,1,ke
f,46,缨,1,ying
f,45,璨,1,can
f,44,迪,1,di
f,44,灿,1,can
f,43,皓,1,hao
f,43,颐,1,yi
f,43,登,1,deng
f,42,换,1,huan
f,42,莱,1,lai
f,42,荃,1,quan
f,42,述,1,shu
f,41,婴,1,ying
f,41,纹,1,wen
f,41,芒,1,mang
f,41,溶,1,rong
f,41,俪,1,li
f,40,璧,1,bi
f,40,雄,1,xiong
f,40,易,1,yi
f,40,周,1,zhou
f,40,名,1,ming
f,40,飒,1,sa
f,40,忻,1,xin
f,40,禹,1,yu
f,40,钟,1,zhong
f,39,瞳,1,tong
f,39,朦,1,meng
f,39,哲,1,zhe
f,39,娉,1,ping
f,39,七,1,qi
f,38,苓,1,ling
f,38,山,1,shan
f,38,时,1,shi
f,38,旖,1,yi
f,38,幽,1,you
f,37,暄,1,xuan
f,37,闪,1,shan
f,37,丁,1,ding
f,37,赫,1,he
f,37,年,1,nian
f,37,蔷,1,qiang
f,37,信,1,xin
f,36,隐,1,yin
f,36,于,1,yu
f,36,璜,1,huang
f,36,箐,1,qing
f,36,作,1,zuo
f,36,繁,1,fan
f,36,竞,1,jing
f,35,鸾,1,luan
f,35,百,1,bai
f,35,汶,1,wen
f,35,又,1,you
f,35,为,1,wei
f,35,武,1,wu
f,34,霄,1,xiao
f,34,留,1,liu
f,34,现,1,xian
f,34,忱,1,chen
f,34,厚,1,hou
f,34,马,1,ma
f,34,默,1,mo
f,34,炜,1,wei
f,33,冷,1,leng
f,33,茉,1,mo
f,33,昉,1,fang
f,33,罗,1,luo
f,32,尼,1,ni
f,32,多,1,duo
f,32,麦,1,mai
f,32,辛,1,xin
f,31,停,1,ting
f,31,托,1,tuo
f,31,龄,1,ling
f,31,争,1,zheng
f,31,召,1,zhao
f,31,藤,1,teng
f,31,围,1,wei
f,30,珈,1,jia
f,30,殿,1,dian
f,29,变,1,bian
f,29,张,1,zhang
f,29,川,1,chuan
f,29,慈,1,ci
f,29,煜,1,yu
f,29,枝,1,zhi
f,28,暖,1,nuan
f,28,潞,1,lu
f,28,允,1,yun
f,28,仪,1,yi
f,28,彬,1,bin
f,27,未,1,wei
f,27,绚,1,xuan
f,27,薪,1,xin
f,27,骄,1,jiao
f,27,钦,1,qin
f,27,晔,1,ye
f,26,栗,1,li
f,26,抒,1,shu
f,26,韫,1,yun
f,26,骊,1,li
f,26,效,1,xiao
f,26,员,1,yuan
f,26,邦,1,bang
f,26,杭,1,hang
f,26,化,1,hua
f,25,晚,1,wan
f,25,颉,1,jie
f,25,渝,1,yu
f,25,弯,1,wan
f,25,鹤,1,he
f,25,佼,1,jiao
f,25,津,1,jin
f,25,玖,1,jiu
f,25,牧,1,mu
f,25,井,1,jing
f,24,念,1,nian
f,24,粟,1,su
f,24,岫,1,xiu
f,24,岩,1,yan
f,24,人,1,ren
f,24,锐,1,rui
f,24,舜,1,shun
f,24,蜀,1,shu
f,23,橙,1,cheng
f,23,蒂,1,di
f,23,茶,1,cha
f,23,翘,1,qiao
f,23,叔,1,shu
f,23,恂,1,xun
f,23,贺,1,he
f,23,波,1,bo
f,23,结,1,jie
f,23,离,1,li
f,23,箫,1,xiao
f,22,畔,1,pan
f,22,羡,1,xian
f,22,流,1,liu
f,22,旎,1,ni
f,22,堤,1,di
f,22,嫱,1,qiang
f,22,曙,1,shu
f,22,砚,1,yan
f,22,程,1,cheng
f,21,蒲,1,pu
f,21,知,1,zhi
f,21,余,1,yu
f,21,寻,1,xun
f,21,佑,1,you
f,21,端,1,duan
f,21,均,1,jun
f,21,扬,1,yang
f,20,殊,1,shu
f,20,嫒,1,ai
f,20,蝉,1,chan
f,20,晰,1,xi
f,20,蓁,1,zhen
f,20,索,1,suo
f,20,达,1,da
f,20,蜜,1,mi
f,20,民,1,min
f,20,墨,1,mo
f,20,五,1,wu
f,20,逍,1,xiao
f,19,柠,1,ning
f,19,瑟,1,se
f,19,璎,1,ying
f,19,荧,1,ying
f,19,伏,1,fu
f,19,腾,1,teng
f,19,泓,1,hong
f,19,嫚,1,man
f,19,桥,1,qiao
f,19,衍,1,yan
f,19,洋,1,yang
f,19,岳,1,yue
f,19,在,1,zai
f,19,政,1,zheng
f,19,葛,1,ge
f,18,宓,1,mi
f,18,沉,1,chen
f,18,羚,1,ling
f,18,牡,1,mu
f,18,谷,1,gu
f,18,裴,1,pei
f,18,寄,1,ji
f,18,末,1,mo
f,18,刘,1,liu
f,18,望,1,wang
f,18,炎,1,yan
f,18,丙,1,bing
f,18,抗,1,kang
f,18,雷,1,lei
f,18,威,1,wei
f,18,翔,1,xiang
f,18,稚,1,zhi
f,18,绘,1,hui
f,18,官,1,guan
f,17,桔,1,ju
f,17,画,1,hua
f,17,起,1,qi
f,17,犁,1,li
f,17,捷,1,jie
f,17,璘,1,lin
f,17,奎,1,kui
f,17,莘,1,shen
f,17,源,1,yuan
f,17,纤,1,xian
f,17,合,1,he
f,17,舞,1,wu
f,17,童,1,tong
f,16,斌,1,bin
f,16,峰,1,feng
f,16,鹂,1,li
f,16,塔,1,ta
f,16,慰,1,wei
f,16,玢,1,bin
f,16,塞,1,sai
f,15,零,1,ling
f,15,勒,1,lei
f,15,淡,1,dan
f,15,邓,1,deng
f,15,銮,1,luan
f,15,泉,1,quan
f,15,夕,1,xi
f,15,早,1,zao
f,15,战,1,zhan
f,15,术,1,shu
f,14,萨,1,sa
f,14,絮,1,xu
f,14,必,1,bi
f,14,昀,1,yun
f,14,重,1,zhong
f,14,强,1,qiang
f,14,任,1,ren
f,14,理,1,li
f,14,霭,1,ai
f,14,秉,1,bing
f,14,蕃,1,fan
f,14,帼,1,guo
f,14,积,1,ji
f,14,济,1,ji
f,14,亮,1,liang
f,14,前,1,qian
f,14,听,1,ting
f,14,宣,1,xuan
f,14,毛,1,mao
f,14,能,1,neng
f,14,予,1,yu
f,14,泱,1,yang
f,14,洛,1,luo
f,13,妲,1,da
f,13,配,1,pei
f,13,葆,1,bao
f,13,瀚,1,han
f,13,黄,1,huang
f,13,社,1,she
f,13,岱,1,dai
f,13,功,1,gong
f,13,昊,1,hao
f,13,坚,1,jian
f,13,联,1,lian
f,13,硕,1,shuo
f,13,徐,1,xu
f,13,致,1,zhi
f,13,焦,1,jiao
f,13,曾,1,ceng
f,13,申,1,shen
f,13,寅,1,yin
f,12,甄,1,zhen
f,12,茸,1,rong
f,12,绒,1,rong
f,12,竺,1,zhu
f,12,十,1,shi
f,12,偲,1,cai
f,12,得,1,de
f,12,帅,1,shuai
f,12,蔼,1,ai
f,12,辰,1,chen
f,12,辞,1,ci
f,12,幻,1,huan
f,12,计,1,ji
f,12,警,1,jing
f,12,镜,1,jing
f,12,涟,1,lian
f,12,陆,1,lu
f,12,升,1,sheng
f,12,师,1,shi
f,12,添,1,tian
f,12,滟,1,yan
f,12,贻,1,yi
f,12,乙,1,yi
f,12,楹,1,ying
f,12,俞,1,yu
f,12,泰,1,tai
f,12,浓,1,nong
f,12,记,1,ji
f,12,沐,1,mu
f,12,恺,1,kai
f,12,好,1,hao
f,12,劲,1,jin
f,11,绯,1,fei
f,11,藜,1,li
f,11,孙,1,sun
f,11,初,1,chu
f,11,葱,1,cong
f,11,段,1,duan
f,11,庚,1,geng
f,11,见,1,jian
f,11,绛,1,jiang
f,11,嫔,1,pin
f,11,娓,1,wei
f,11,响,1,xiang
f,11,印,1,yin
f,11,誉,1,yu
f,11,临,1,lin
f,11,覃,1,tan
f,11,孔,1,kong
f,11,秘,1,mi
f,11,闻,1,wen
f,11,徒,1,tu
f,10,巾,1,jin
f,10,浅,1,qian
f,10,夜,1,ye
f,10,瑰,1,gui
f,10,何,1,he
f,10,翊,1,yi
f,10,步,1,bu
f,10,法,1,fa
f,10,珞,1,luo
f,10,觅,1,mi
f,10,淼,1,miao
f,10,齐,1,qi
f,10,森,1,sen
f,10,上,1,shang
f,10,习,1,xi
f,10,言,1,yan
f,10,遥,1,yao
f,10,震,1,zhen
f,10,琤,1,cheng
f,10,今,1,jin
f,10,旺,1,wang
f,10,里,1,li
f,10,溪,1,xi
f,10,基,1,ji
f,10,侯,1,hou
f,9,邻,1,lin
f,9,色,1,se
f,9,璃,1,li
f,9,许,1,xu
f,9,濠,1,hao
f,9,菀,1,wan
f,9,研,1,yan
f,9,庄,1,zhuang
f,9,北,1,bei
f,9,航,1,hang
f,9,浣,1,huan
f,9,粒,1,li
f,9,檬,1,meng
f,9,娆,1,rao
f,9,芽,1,ya
f,9,祉,1,zhi
f,9,足,1,zu
f,9,惟,1,wei
f,9,倚,1,yi
f,9,唤,1,huan
f,9,泠,1,ling
f,9,汕,1,shan
f,9,洒,1,sa
f,9,翻,1,fan
f,9,袁,1,yuan
f,9,凰,1,huang
f,8,茅,1,mao
f,8,枫,1,feng
f,8,漱,1,shu
f,8,选,1,xuan
f,8,醉,1,zui
f,8,览,1,lan
f,8,钗,1,chai
f,8,敦,1,dun
f,8,甲,1,jia
f,8,介,1,jie
f,8,完,1,wan
f,8,线,1,xian
f,8,豫,1,yu
f,8,朱,1,zhu
f,8,声,1,sheng
f,8,缓,1,huan
f,8,哓,1,xiao
f,8,院,1,yuan
f,8,奉,1,feng
f,8,温,1,wen
f,8,卿,1,qing
f,8,带,1,dai
f,8,锋,1,feng
f,8,琚,1,ju
f,8,夙,1,su
f,7,纱,1,sha
f,7,河,1,he
f,7,解,1,jie
f,7,图,1,tu
f,7,纬,1,wei
f,7,示,1,shi
f,7,溢,1,yi
f,7,麟,1,lin
f,7,粤,1,yue
f,7,唱,1,chang
f,7,滨,1,bin
f,7,非,1,fei
f,7,伦,1,lun
f,7,闽,1,min
f,7,儒,1,ru
f,7,沈,1,shen
f,7,锁,1,suo
f,7,稀,1,xi
f,7,侠,1,xia
f,7,由,1,you
f,7,肇,1,zhao
f,7,霖,1,lin
f,7,至,1,zhi
f,7,堂,1,tang
f,7,居,1,ju
f,7,玎,1,ding
f,7,关,1,guan
f,7,释,1,shi
f,7,嫩,1,nen
f,7,复,1,fu
f,7,行,1,xing
f,7,岭,1,ling
f,7,菜,1,cai
f,7,佰,1,bai
f,7,展,1,zhan
f,7,咪,1,mi
f,7,热,1,re
f,7,翡,1,fei
f,7,鞠,1,ju
f,7,筑,1,zhu
f,7,植,1,zhi
f,7,帮,1,bang
f,7,经,1,jing
f,7,隆,1,long
f,7,针,1,zhen
f,7,轩,1,xuan
f,7,秦,1,qin
f,6,戴,1,dai
f,6,严,1,yan
f,6,玄,1,xuan
f,6,后,1,hou
f,6,钱,1,qian
f,6,体,1,ti
f,6,味,1,wei
f,6,姚,1,yao
f,6,弋,1,yi
f,6,壮,1,zhuang
f,6,舟,1,zhou
f,6,老,1,lao
f,6,瓦,1,wa
f,6,间,1,jian
f,6,也,1,ye
f,6,古,1,gu
f,6,耐,1,nai
f,6,女,1,nv
f,6,调,1,diao
f,6,秧,1,yang
f,6,尧,1,yao
f,6,佐,1,zuo
f,6,息,1,xi
f,6,尤,1,you
f,6,裙,1,qun
f,6,赤,1,chi
f,6,韩,1,han
f,6,通,1,tong
f,5,孜,1,zi
f,5,逗,1,dou
f,5,牵,1,qian
f,5,曲,1,qu
f,5,团,1,tuan
f,5,午,1,wu
f,5,诚,1,cheng
f,5,尾,1,wei
f,5,半,1,ban
f,5,浮,1,fu
f,5,励,1,li
f,5,颂,1,song
f,5,桐,1,tong
f,5,谊,1,yi
f,5,曰,1,yue
f,5,司,1,si
f,5,椿,1,chun
f,5,崔,1,cui
f,5,椒,1,jiao
f,5,翩,1,pian
f,5,鸯,1,yang
f,5,钊,1,zhao
f,5,梁,1,liang
f,5,次,1,ci
f,5,赏,1,shang
f,5,弘,1,hong
f,5,榴,1,liu
f,5,甫,1,fu
f,5,甘,1,gan
f,5,麒,1,qi
f,5,席,1,xi
f,5,镇,1,zhen
f,5,吕,1,lv
f,5,磊,1,lei
f,5,范,1,fan
f,5,昆,1,kun
f,5,涛,1,tao
f,5,征,1,zheng
f,5,榆,1,yu
f,5,赵,1,zhao
f,5,汀,1,ting
f,5,慎,1,shen
f,4,沂,1,yi
f,4,鹿,1,lu
f,4,遵,1,zun
f,4,际,1,ji
f,4,啸,1,xiao
f,4,壁,1,bi
f,4,蔡,1,cai
f,4,栋,1,dong
f,4,公,1,gong
f,4,哈,1,ha
f,4,郦,1,li
f,4,乾,1,qian
f,4,深,1,shen
f,4,晟,1,cheng
f,4,序,1,xu
f,4,野,1,ye
f,4,雍,1,yong
f,4,郑,1,zheng
f,4,支,1,zhi
f,4,淮,1,huai
f,4,仰,1,yang
f,4,趣,1,qu
f,4,钻,1,zuan
f,4,倍,1,bei
f,4,汇,1,hui
f,4,渊,1,yuan
f,4,吴,1,wu
f,4,原,1,yuan
f,4,晏,1,yan
f,4,肃,1,su
f,4,宸,1,chen
f,4,冀,1,ji
f,4,精,1,jing
f,4,戎,1,rong
f,4,典,1,dian
f,4,洲,1,zhou
f,4,琇,1,xiu
f,4,栩,1,xu
f,4,训,1,xun
f,4,与,1,yu
f,4,祯,1,zhen
f,4,藏,1,cang
f,4,熠,1,yi
f,4,尊,1,zun
f,4,逢,1,feng
f,4,巍,1,wei
f,4,抱,1,bao
f,4,兵,1,bing
f,4,淳,1,chun
f,4,贯,1,guan
f,4,槐,1,huai
f,4,惊,1,jing
f,4,巨,1,ju
f,4,历,1,li
f,4,秒,1,miao
f,4,栖,1,qi
f,4,晞,1,xi
f,4,校,1,xiao
f,4,性,1,xing
f,4,翌,1,yi
f,4,沅,1,yuan
f,4,琢,1,zuo
f,4,亿,1,yi
f,4,欲,1,yu
f,4,刚,1,gang
f,4,娄,1,lou
f,4,薛,1,xue
f,4,荫,1,yin
f,4,赞,1,zan
f,4,峥,1,zheng
f,4,钧,1,jun
f,4,瀛,1,ying
f,4,领,1,ling
f,4,壬,1,ren
f,4,者,1,zhe
f,4,迟,1,chi
f,3,陵,1,ling
f,3,浪,1,lang
f,3,雀,1,que
f,3,无,1,wu
f,3,呈,1,cheng
f,3,苒,1,ran
f,3,乌,1,wu
f,3,荻,1,di
f,3,垂,1,chui
f,3,岸,1,an
f,3,绰,1,chuo
f,3,琮,1,cong
f,3,帆,1,fan
f,3,衡,1,heng
f,3,沪,1,hu
f,3,桦,1,hua
f,3,尽,1,jin
f,3,普,1,pu
f,3,权,1,quan
f,3,魏,1,wei
f,3,稳,1,wen
f,3,炫,1,xuan
f,3,营,1,ying
f,3,御,1,yu
f,3,左,1,zuo
f,3,羿,1,yi
f,3,翼,1,yi
f,3,洵,1,xun
f,3,旋,1,xuan
f,3,臻,1,zhen
f,3,近,1,jin
f,3,列,1,lie
f,3,唐,1,tang
f,3,耘,1,yun
f,3,焱,1,yan
f,3,峻,1,jun
f,3,养,1,yang
f,3,祺,1,qi
f,3,因,1,yin
f,3,蘅,1,heng
f,3,宾,1,bin
f,3,翰,1,han
f,3,球,1,qiu
f,3,灶,1,zao
f,3,桢,1,zhen
f,3,财,1,cai
f,3,玺,1,xi
f,3,式,1,shi
f,3,宋,1,song
f,3,查,1,cha
f,3,集,1,ji
f,3,聚,1,ju
f,3,烈,1,lie
f,3,亲,1,qin
f,3,探,1,tan
f,3,助,1,zhu
f,3,鼎,1,ding
f,3,绵,1,mian
f,3,跳,1,tiao
f,3,八,1,ba
f,3,革,1,ge
f,3,魁,1,kui
f,3,廉,1,lian
f,3,录,1,lu
f,3,丕,1,pi
f,3,适,1,shi
f,3,伍,1,wu
f,3,随,1,sui
f,3,屠,1,tu
f,3,晖,1,hui
f,3,省,1,sheng
f,3,举,1,ju
f,3,纳,1,na
f,3,台,1,tai
f,3,禄,1,lu
f,3,炼,1,lian
f,2,虎,1,hu
f,2,聃,1,dan
f,2,皖,1,wan
f,2,扶,1,fu
f,2,泊,1,po
f,2,池,1,chi
f,2,舫,1,fang
f,2,阜,1,fu
f,2,灏,1,hao
f,2,考,1,kao
f,2,倪,1,ni
f,2,聘,1,pin
f,2,峭,1,qiao
f,2,束,1,shu
f,2,速,1,su
f,2,陶,1,tao
f,2,吾,1,wu
f,2,湛,1,zhan
f,2,掌,1,zhang
f,2,喆,1,zhe
f,2,煌,1,huang
f,2,外,1,wai
f,2,鸥,1,ou
f,2,耿,1,geng
f,2,恕,1,shu
f,2,艮,1,gen
f,2,浙,1,zhe
f,2,畅,1,chang
f,2,绥,1,sui
f,2,觉,1,jue
f,2,栾,1,luan
f,2,土,1,tu
f,2,朔,1,shuo
f,2,邢,1,xing
f,2,则,1,ze
f,2,鲍,1,bao
f,2,澄,1,cheng
f,2,遂,1,sui
f,2,佶,1,ji
f,2,神,1,shen
f,2,寓,1,yu
f,2,詹,1,zhan
f,2,昶,1,chang
f,2,丞,1,cheng
f,2,冯,1,feng
f,2,干,1,gan
f,2,骏,1,jun
f,2,朗,1,lang
f,2,欧,1,ou
f,2,商,1,shang
f,2,棠,1,tang
f,2,煦,1,xu
f,2,质,1,zhi
f,2,柱,1,zhu
f,2,冶,1,ye
f,2,邹,1,zou
f,2,徽,1,hui
f,2,董,1,dong
f,2,夫,1,fu
f,2,伽,1,ga
f,2,鉴,1,jian
f,2,务,1,wu
f,2,擎,1,qing
f,2,颍,1,ying
f,2,毕,1,bi
f,2,著,1,zhu
f,2,稼,1,jia
f,2,侃,1,kan
f,2,澍,1,shu
f,2,楼,1,lou
f,2,实,1,shi
f,2,钥,1,yao
f,2,笔,1,bi
f,2,落,1,luo
f,2,攀,1,pan
f,2,谦,1,qian
f,2,卢,1,lu
f,2,帝,1,di
f,2,茨,1,ci
f,2,夺,1,duo
f,2,笠,1,li
f,2,储,1,chu
f,2,郡,1,jun
f,2,聂,1,nie
f,2,黔,1,qian
f,2,渭,1,wei
f,2,鸳,1,yuan
f,2,沧,1,cang
f,2,潮,1,chao
f,2,邵,1,shao
f,2,铮,1,zheng
f,2,不,1,bu
f,2,键,1,jian
f,2,村,1,cun
f,2,钢,1,gang
f,2,栓,1,shuan
f,2,嗣,1,si
f,1,党,1,dang
f,1,棉,1,mian
f,1,塘,1,tang
f,1,赐,1,ci
f,1,赣,1,gan
f,1,酒,1,jiu
f,1,匡,1,kuang
f,1,朴,1,pu
f,1,祈,1,qi
f,1,企,1,qi
f,1,潭,1,tan
f,1,叙,1,xu
f,1,绎,1,yi
f,1,约,1,yue
f,1,仔,1,zai
f,1,资,1,zi
f,1,门,1,men
f,1,执,1,zhi
f,1,烁,1,shuo
f,1,遇,1,yu
f,1,崎,1,qi
f,1,续,1,xu
f,1,是,1,shi
f,1,服,1,fu
f,1,蓬,1,peng
f,1,尘,1,chen
f,1,弛,1,chi
f,1,宥,1,you
f,1,简,1,jian
f,1,胤,1,yin
f,1,策,1,ce
f,1,气,1,qi
f,1,玠,1,jie
f,1,奋,1,fen
f,1,样,1,yang
f,1,纲,1,gang
f,1,谨,1,jin
f,1,阮,1,ruan
f,1,异,1,yi
f,1,挺,1,ting
f,1,胥,1,xu
f,1,殷,1,yin
f,1,铎,1,duo
f,1,楷,1,kai
f,1,烟,1,yan
f,1,迈,1,mai
f,1,载,1,zai
f,1,命,1,ming
f,1,穆,1,mu
f,1,移,1,yi
f,1,炽,1,chi
f,1,咸,1,xian
f,1,拔,1,ba
f,1,勃,1,bo
f,1,焯,1,chao
f,1,车,1,che
f,1,城,1,cheng
f,1,粹,1,cui
f,1,放,1,fang
f,1,赓,1,geng
f,1,桓,1,huan
f,1,奂,1,huan
f,1,俭,1,jian
f,1,莫,1,mo
f,1,谱,1,pu
f,1,岁,1,sui
f,1,檀,1,tan
f,1,享,1,xiang
f,1,枭,1,xiao
f,1,焰,1,yan
f,1,裔,1,yi
f,1,熏,1,xun
f,1,游,1,you
f,1,啊,1,a
f,1,奔,1,ben
f,1,辅,1,fu
f,1,豪,1,hao
f,1,湖,1,hu
f,1,稷,1,ji
f,1,闰,1,run
f,1,溯,1,su
f,1,宴,1,yan
f,1,炯,1,jiong
f,1,扣,1,kou
f,1,黑,1,hei
f,1,检,1,jian
f,1,霈,1,pei
f,1,犀,1,xi
f,1,沿,1,yan
f,1,回,1,hui
f,1,骁,1,xiao
f,1,渡,1,du
f,1,主,1,zhu
f,1,荆,1,jing
f,1,兢,1,jing
f,1,度,1,du
f,1,港,1,gang
f,1,竟,1,jing
f,1,率,1,lv
f,1,右,1,you
f,1,铜,1,tong
f,1,奥,1,ao
f,1,珉,1,min
f,1,祠,1,ci
f,1,舍,1,she
f,1,衔,1,xian
f,1,燮,1,xie
f,1,勋,1,xun
f,1,宫,1,gong
f,1,休,1,xiu
f,1,冲,1,chong
f,1,宠,1,chong
f,1,笃,1,du
f,1,节,1,jie
f,1,履,1,lv
f,1,彭,1,peng
f,1,厦,1,sha
f,1,识,1,shi
f,1,绶,1,shou
f,1,谢,1,xie
f,1,专,1,zhuan
f,1,凉,1,liang
f,1,戈,1,ge
f,1,更,1,geng
f,1,皇,1,huang
f,1,迁,1,qian
f,1,勉,1,mian
f,1,候,1,hou
f,1,监,1,jian
f,1,辽,1,liao
f,1,祁,1,qi
f,1,众,1,zhong
f,1,曹,1,cao
f,1,颢,1,hao
f,1,汪,1,wang
f,1,象,1,xiang
f,1,备,1,bei
f,1,倬,1,zhuo
f,1,当,1,dang
f,1,垠,1,yin
f,1,岗,1,gang
f,1,恭,1,gong
f,1,陇,1,long
f,1,鄂,1,e
f,1,鲸,1,jing
f,1,栎,1,li
f,1,淦,1,gan
f,1,参,1,can
f,1,钿,1,dian
f,1,都,1,dou
f,1,嘎,1,ga
f,1,弥,1,mi
f,1,棋,1,qi
f,1,求,1,qiu
f,1,韬,1,tao
f,1,梧,1,wu
f,1,奚,1,xi
f,1,用,1,yong
f,1,衣,1,yi
f,1,归,1,gui
f,1,伙,1,huo
f,1,委,1,wei
f,1,汐,1,xi
f,1,襄,1,xiang
f,1,布,1,bu
f,1,皆,1,jie
f,1,灼,1,zhuo
f,1,模,1,mo
f,1,劭,1,shao
f,1,珩,1,hang
f,1,逊,1,xun
f,12481,英,2,ying
f,11070,芳,2,fang
f,9206,红,2,hong
f,9205,梅,2,mei
f,8946,玲,2,ling
f,8541,霞,2,xia
f,8087,萍,2,ping
f,7837,丽,2,li
f,7324,娟,2,juan
f,7169,兰,2,lan
f,6835,珍,2,zhen
f,6693,华,2,hua
f,5808,琴,2,qin
f,5651,燕,2,yan
f,5098,婷,2,ting
f,5007,云,2,yun
f,4973,芬,2,fen
f,4652,艳,2,yan
f,4614,凤,2,feng
f,4391,花,2,hua
f,4322,娜,2,na
f,3964,敏,2,min
f,3943,玉,2,yu
f,3920,君,2,jun
f,3850,香,2,xiang
f,3813,慧,2,hui
f,3416,秀,2,xiu
f,3265,美,2,mei
f,3248,莲,2,lian
f,3070,琳,2,lin
f,3062,静,2,jing
f,2965,莉,2,li
f,2722,洁,2,jie
f,2691,琼,2,qiong
f,2561,莹,2,ying
f,2505,青,2,qing
f,2429,颖,2,ying
f,2407,妹,2,mei
f,2375,丹,2,dan
f,2329,平,2,ping
f,2244,蓉,2,rong
f,2230,琪,2,qi
f,2206,雯,2,wen
f,2202,怡,2,yi
f,2043,芝,2,zhi
f,2001,媛,2,yuan
f,1985,菊,2,ju
f,1977,欣,2,xin
f,1971,月,2,yue
f,1937,佳,2,jia
f,1898,娇,2,jiao
f,1871,仙,2,xian
f,1813,雪,2,xue
f,1771,妮,2,ni
f,1734,芹,2,qin
f,1728,珠,2,zhu
f,1685,容,2,rong
f,1664,群,2,qun
f,1641,娥,2,e
f,1613,荣,2,rong
f,1613,茹,2,ru
f,1600,楠,2,nan
f,1563,珊,2,shan
f,1500,清,2,qing
f,1466,倩,2,qian
f,1460,菲,2,fei
f,1456,瑶,2,yao
f,1377,惠,2,hui
f,1370,虹,2,hong
f,1281,晶,2,jing
f,1269,琦,2,qi
f,1258,雅,2,ya
f,1257,秋,2,qiu
f,1223,春,2,chun
f,1212,薇,2,wei
f,1190,蕾,2,lei
f,1173,文,2,wen
f,1141,连,2,lian
f,1131,冰,2,bing
f,1070,男,2,nan
f,1063,娣,2,di
f,1058,子,2,zi
f,1044,风,2,feng
f,1043,妍,2,yan
f,1041,雨,2,yu
f,1030,真,2,zhen
f,1025,儿,2,er
f,1016,涵,2,han
f,1006,仪,2,yi
f,1005,晴,2,qing
f,1000,彤,2,tong
f,966,瑜,2,yu
f,949,璐,2,lu
f,947,贞,2,zhen
f,943,园,2,yuan
f,941,翠,2,cui
f,891,芸,2,yun
f,883,露,2,lu
f,879,然,2,ran
f,864,晓,2,xiao
f,834,悦,2,yue
f,826,思,2,si
f,805,莎,2,sha
f,795,微,2,wei
f,791,璇,2,xuan
f,772,欢,2,huan
f,754,茜,2,qian
f,752,婧,2,jing
f,748,萌,2,meng
f,739,利,2,li
f,734,如,2,ru
f,713,宁,2,ning
f,695,苗,2,miao
f,664,灵,2,ling
f,642,圆,2,yuan
f,640,馨,2,xin
f,638,瑛,2,ying
f,634,姣,2,jiao
f,631,影,2,ying
f,629,蕊,2,rui
f,623,菁,2,jing
f,612,枝,2,zhi
f,603,杰,2,jie
f,599,亚,2,ya
f,593,玮,2,wei
f,589,飞,2,fei
f,583,岚,2,lan
f,566,娴,2,xian
f,556,侠,2,xia
f,554,婕,2,jie
f,551,曼,2,man
f,544,竹,2,zhu
f,540,瑾,2,jin
f,530,梦,2,meng
f,524,盈,2,ying
f,520,亭,2,ting
f,511,媚,2,mei
f,508,林,2,lin
f,504,双,2,shuang
f,500,萱,2,xuan
f,494,姗,2,shan
f,483,蒙,2,meng
f,482,桃,2,tao
f,481,羽,2,yu
f,481,明,2,ming
f,480,爱,2,ai
f,477,心,2,xin
f,476,艺,2,yi
f,471,晨,2,chen
f,464,佩,2,pei
f,461,巧,2,qiao
f,461,蓓,2,bei
f,459,黎,2,li
f,455,甜,2,tian
f,449,朋,2,peng
f,446,斐,2,fei
f,438,钰,2,yu
f,434,笑,2,xiao
f,425,叶,2,ye
f,424,环,2,huan
f,416,盼,2,pan
f,415,昕,2,xin
f,412,卿,2,qing
f,406,贝,2,bei
f,403,潇,2,xiao
f,399,娅,2,ya
f,397,沙,2,sha
f,383,爽,2,shuang
f,383,贤,2,xian
f,379,彩,2,cai
f,376,铃,2,ling
f,376,柳,2,liu
f,374,勤,2,qin
f,373,婵,2,chan
f,369,茵,2,yin
f,368,苹,2,ping
f,365,韵,2,yun
f,360,聪,2,cong
f,358,蔚,2,wei
f,355,霜,2,shuang
f,349,桂,2,gui
f,342,珂,2,ke
f,332,辉,2,hui
f,327,依,2,yi
f,325,曦,2,xi
f,325,冉,2,ran
f,322,寒,2,han
f,321,雁,2,yan
f,320,卉,2,hui
f,313,冬,2,dong
f,312,金,2,jin
f,312,阳,2,yang
f,307,玥,2,yue
f,306,素,2,su
f,303,晗,2,han
f,300,碧,2,bi
f,296,银,2,yin
f,295,音,2,yin
f,291,果,2,guo
f,289,俐,2,li
f,289,会,2,hui
f,280,舒,2,shu
f,278,歌,2,ge
f,277,淑,2,shu
f,276,波,2,bo
f,273,琛,2,chen
f,268,迪,2,di
f,266,姬,2,ji
f,263,苏,2,su
f,259,榕,2,rong
f,259,夏,2,xia
f,258,婉,2,wan
f,257,楚,2,chu
f,252,湘,2,xiang
f,251,迎,2,ying
f,244,赛,2,sai
f,239,玫,2,mei
f,238,懿,2,yi
f,238,诗,2,shi
f,234,伶,2,ling
f,233,肖,2,xiao
f,232,姿,2,zi
f,229,靓,2,jing
f,228,宇,2,yu
f,226,宜,2,yi
f,223,格,2,ge
f,222,姝,2,shu
f,222,嘉,2,jia
f,216,伊,2,yi
f,213,筠,2,yun
f,212,莺,2,ying
f,210,霏,2,fei
f,210,琰,2,yan
f,209,岩,2,yan
f,209,屏,2,ping
f,208,桐,2,tong
f,205,滢,2,ying
f,204,诺,2,nuo
f,204,凡,2,fan
f,203,蓝,2,lan
f,202,语,2,yu
f,200,白,2,bai
f,196,杉,2,shan
f,194,苑,2,yuan
f,193,珏,2,jue
f,189,嫣,2,yan
f,185,纯,2,chun
f,183,凝,2,ning
f,175,若,2,ruo
f,175,彦,2,yan
f,174,含,2,han
f,173,淇,2,qi
f,172,妤,2,yu
f,172,新,2,xin
f,170,恬,2,tian
f,168,柔,2,rou
f,163,鸽,2,ge
f,163,南,2,nan
f,160,情,2,qing
f,159,斯,2,si
f,155,樱,2,ying
f,155,丝,2,si
f,154,澜,2,lan
f,154,弟,2,di
f,151,杏,2,xing
f,149,凌,2,ling
f,148,军,2,jun
f,148,漫,2,man
f,146,希,2,xi
f,145,蝶,2,die
f,145,维,2,wei
f,145,辰,2,chen
f,144,菡,2,han
f,143,满,2,man
f,140,缘,2,yuan
f,138,妃,2,fei
f,138,岑,2,cen
f,137,沁,2,qin
f,136,坤,2,kun
f,135,密,2,mi
f,135,荷,2,he
f,135,妙,2,miao
f,131,芮,2,rui
f,130,旦,2,dan
f,128,方,2,fang
f,126,璞,2,pu
f,126,湾,2,wan
f,126,彬,2,bin
f,126,龄,2,ling
f,125,筱,2,xiao
f,125,吟,2,yin
f,124,璟,2,jing
f,120,歆,2,xin
f,119,伟,2,wei
f,119,绮,2,qi
f,118,鸣,2,ming
f,116,葵,2,kui
f,116,翎,2,ling
f,116,霖,2,lin
f,114,隽,2,juan
f,114,之,2,zhi
f,113,眉,2,mei
f,113,萧,2,xiao
f,110,颜,2,yan
f,109,蕙,2,hui
f,109,桦,2,hua
f,108,俏,2,qiao
f,108,枫,2,feng
f,108,融,2,rong
f,107,忆,2,yi
f,107,映,2,ying
f,107,珺,2,jun
f,107,超,2,chao
f,106,禾,2,he
f,104,漪,2,yi
f,104,茗,2,ming
f,103,乔,2,qiao
f,102,艾,2,ai
f,102,女,2,nv
f,101,咏,2,yong
f,100,景,2,jing
f,99,荔,2,li
f,99,函,2,han
f,99,蔓,2,man
f,99,祎,2,yi
f,98,旻,2,min
f,98,芯,2,xin
f,98,钗,2,chai
f,98,培,2,pei
f,97,瑞,2,rui
f,94,予,2,yu
f,94,一,2,yi
f,93,菱,2,ling
f,93,芊,2,qian
f,93,苓,2,ling
f,93,星,2,xing
f,93,尹,2,yin
f,92,苇,2,wei
f,92,丛,2,cong
f,91,帆,2,fan
f,91,蕴,2,yun
f,91,烨,2,ye
f,90,鸥,2,ou
f,89,净,2,jing
f,89,桑,2,sang
f,88,鹃,2,juan
f,88,恋,2,lian
f,88,紫,2,zi
f,88,皎,2,jiao
f,87,盟,2,meng
f,86,霓,2,ni
f,86,遥,2,yao
f,84,鑫,2,xin
f,83,霄,2,xiao
f,82,朵,2,duo
f,82,拉,2,la
f,80,俊,2,jun
f,79,米,2,mi
f,79,枚,2,mei
f,79,实,2,shi
f,78,元,2,yuan
f,78,宏,2,hong
f,78,奕,2,yi
f,77,溪,2,xi
f,77,棠,2,tang
f,76,峰,2,feng
f,76,粉,2,fen
f,75,涓,2,juan
f,74,傲,2,ao
f,73,豆,2,dou
f,72,嫦,2,chang
f,72,曾,2,ceng
f,70,葳,2,wei
f,70,淋,2,lin
f,70,施,2,shi
f,68,胡,2,hu
f,68,单,2,dan
f,66,鸾,2,luan
f,66,那,2,na
f,66,晖,2,hui
f,66,鸿,2,hong
f,65,轩,2,xuan
f,65,舞,2,wu
f,64,梨,2,li
f,63,愉,2,yu
f,62,央,2,yang
f,62,锦,2,jin
f,61,鹭,2,lu
f,60,鲜,2,xian
f,60,缨,2,ying
f,59,卡,2,ka
f,59,改,2,gai
f,59,萃,2,cui
f,58,频,2,pin
f,57,婴,2,ying
f,57,宵,2,xiao
f,57,穗,2,sui
f,56,瑗,2,yuan
f,56,慈,2,ci
f,55,荟,2,hui
f,55,京,2,jing
f,55,弦,2,xian
f,55,先,2,xian
f,55,唯,2,wei
f,55,晔,2,ye
f,54,飘,2,piao
f,54,朦,2,meng
f,53,睿,2,rui
f,53,阁,2,ge
f,53,庆,2,qing
f,52,霁,2,ji
f,52,童,2,tong
f,51,芒,2,mang
f,51,焕,2,huan
f,51,靖,2,jing
f,50,点,2,dian
f,49,瞳,2,tong
f,49,颐,2,yi
f,48,尔,2,er
f,48,引,2,yin
f,47,莱,2,lai
f,47,转,2,zhuan
f,47,旋,2,xuan
f,47,荃,2,quan
f,47,姜,2,jiang
f,46,暄,2,xuan
f,46,喻,2,yu
f,46,珑,2,long
f,46,璨,2,can
f,46,钦,2,qin
f,45,溶,2,rong
f,44,纹,2,wen
f,44,采,2,cai
f,44,沫,2,mo
f,43,端,2,duan
f,43,逸,2,yi
f,42,招,2,zhao
f,41,箐,2,qing
f,41,韦,2,wei
f,41,飒,2,sa
f,40,璧,2,bi
f,40,蓁,2,zhen
f,40,忻,2,xin
f,39,潞,2,lu
f,39,杜,2,du
f,39,六,2,liu
f,39,卓,2,zhuo
f,39,旎,2,ni
f,39,汝,2,ru
f,39,田,2,tian
f,38,隐,2,yin
f,38,闪,2,shan
f,38,悠,2,you
f,37,芙,2,fu
f,37,绿,2,lv
f,37,尼,2,ni
f,37,洋,2,yang
f,36,杨,2,yang
f,36,馥,2,fu
f,36,璜,2,huang
f,35,藤,2,teng
f,35,意,2,yi
f,34,琬,2,wan
f,34,臻,2,zhen
f,34,銮,2,luan
f,34,骊,2,li
f,34,忱,2,chen
f,34,七,2,qi
f,34,蔷,2,qiang
f,33,昉,2,fang
f,33,言,2,yan
f,33,博,2,bo
f,33,骄,2,jiao
f,32,停,2,ting
f,32,笛,2,di
f,32,智,2,zhi
f,32,芷,2,zhi
f,31,蒂,2,di
f,31,暖,2,nuan
f,31,锋,2,feng
f,31,绚,2,xuan
f,31,昀,2,yun
f,31,围,2,wei
f,30,安,2,an
f,30,托,2,tuo
f,30,佼,2,jiao
f,30,捷,2,jie
f,30,源,2,yuan
f,30,乐,2,le
f,29,黛,2,dai
f,29,书,2,shu
f,29,涛,2,tao
f,29,熙,2,xi
f,28,伦,2,lun
f,28,箫,2,xiao
f,28,斌,2,bin
f,28,研,2,yan
f,27,嫒,2,ai
f,27,绒,2,rong
f,27,译,2,yi
f,26,栗,2,li
f,26,殊,2,shu
f,26,换,2,huan
f,26,翘,2,qiao
f,26,绣,2,xiu
f,26,麟,2,lin
f,26,员,2,yuan
f,26,津,2,jin
f,25,颉,2,jie
f,25,冷,2,leng
f,25,弯,2,wan
f,25,旖,2,yi
f,25,郁,2,yu
f,25,娃,2,wa
f,25,潼,2,tong
f,24,粟,2,su
f,24,吉,2,ji
f,24,均,2,jun
f,24,奇,2,qi
f,24,范,2,fan
f,23,瑟,2,se
f,23,好,2,hao
f,23,恂,2,xun
f,23,泓,2,hong
f,23,铭,2,ming
f,23,民,2,min
f,23,儒,2,ru
f,23,默,2,mo
f,23,哲,2,zhe
f,23,鹰,2,ying
f,23,浓,2,nong
f,22,橙,2,cheng
f,22,羚,2,ling
f,22,江,2,jiang
f,22,畔,2,pan
f,22,渝,2,yu
f,22,寻,2,xun
f,22,薪,2,xin
f,22,旭,2,xu
f,22,堤,2,di
f,22,离,2,li
f,22,麦,2,mai
f,22,蜜,2,mi
f,22,嫱,2,qiang
f,22,可,2,ke
f,21,和,2,he
f,21,易,2,yi
f,21,异,2,yi
f,21,玛,2,ma
f,20,阿,2,a
f,20,茶,2,cha
f,20,荧,2,ying
f,20,犁,2,li
f,20,璘,2,lin
f,20,鹏,2,peng
f,20,娉,2,ping
f,20,非,2,fei
f,20,岭,2,ling
f,20,嫚,2,man
f,20,敬,2,jing
f,20,纳,2,na
f,19,桔,2,ju
f,19,甄,2,zhen
f,19,慕,2,mu
f,19,晰,2,xi
f,19,耘,2,yun
f,19,立,2,li
f,19,烟,2,yan
f,19,囡,2,nan
f,19,幽,2,you
f,18,蒲,2,pu
f,18,宓,2,mi
f,18,蝉,2,chan
f,18,画,2,hua
f,18,柠,2,ning
f,18,璎,2,ying
f,18,楣,2,mei
f,18,祯,2,zhen
f,18,宝,2,bao
f,18,裴,2,pei
f,18,嫔,2,pin
f,18,莘,2,shen
f,18,欧,2,ou
f,18,玢,2,bin
f,17,零,2,ling
f,17,鹤,2,he
f,17,姐,2,jie
f,17,谊,2,yi
f,17,廷,2,ting
f,17,索,2,suo
f,17,祺,2,qi
f,17,末,2,mo
f,17,汐,2,xi
f,17,逍,2,xiao
f,16,惜,2,xi
f,16,珈,2,jia
f,16,沉,2,chen
f,16,絮,2,xu
f,16,芽,2,ya
f,16,昱,2,yu
f,16,筑,2,zhu
f,16,鹂,2,li
f,16,娘,2,niang
f,16,稚,2,zhi
f,16,纤,2,xian
f,16,绘,2,hui
f,15,绯,2,fei
f,15,妲,2,da
f,15,未,2,wei
f,15,姑,2,gu
f,15,勒,2,lei
f,15,岫,2,xiu
f,15,羡,2,xian
f,15,洪,2,hong
f,15,茉,2,mo
f,15,毓,2,yu
f,15,善,2,shan
f,15,宛,2,wan
f,15,珩,2,hang
f,15,泱,2,yang
f,15,幼,2,you
f,14,萨,2,sa
f,14,辛,2,xin
f,14,邓,2,deng
f,14,蕃,2,fan
f,14,达,2,da
f,14,西,2,xi
f,14,天,2,tian
f,14,抒,2,shu
f,14,塔,2,ta
f,14,韫,2,yun
f,14,力,2,li
f,14,塞,2,sai
f,13,孜,2,zi
f,13,扬,2,yang
f,13,兮,2,xi
f,13,警,2,jing
f,13,光,2,guang
f,13,娆,2,rao
f,13,庄,2,zhuang
f,13,治,2,zhi
f,13,娓,2,wei
f,13,焦,2,jiao
f,13,琨,2,kun
f,12,藜,2,li
f,12,球,2,qiu
f,12,茸,2,rong
f,12,谕,2,yu
f,12,舟,2,zhou
f,12,幻,2,huan
f,12,川,2,chuan
f,12,楹,2,ying
f,12,钧,2,jun
f,12,腊,2,la
f,12,巍,2,wei
f,11,雀,2,que
f,11,人,2,ren
f,11,裳,2,shang
f,11,配,2,pei
f,11,偲,2,cai
f,11,尘,2,chen
f,11,葱,2,cong
f,11,淳,2,chun
f,11,至,2,zhi
f,11,段,2,duan
f,11,俪,2,li
f,11,涟,2,lian
f,11,恩,2,en
f,11,听,2,ting
f,11,滟,2,yan
f,11,覃,2,tan
f,11,秘,2,mi
f,10,濠,2,hao
f,10,浅,2,qian
f,10,竺,2,zhu
f,10,瑰,2,gui
f,10,墨,2,mo
f,10,辞,2,ci
f,10,池,2,chi
f,10,多,2,duo
f,10,檬,2,meng
f,10,觅,2,mi
f,10,琚,2,ju
f,10,泠,2,ling
f,10,霈,2,pei
f,10,荻,2,di
f,10,琤,2,cheng
f,10,蜀,2,shu
f,10,松,2,song
f,10,闽,2,min
f,10,越,2,yue
f,9,邻,2,lin
f,9,璃,2,li
f,9,汶,2,wen
f,9,览,2,lan
f,9,变,2,bian
f,9,夷,2,yi
f,9,炜,2,wei
f,9,绛,2,jiang
f,9,东,2,dong
f,9,淼,2,miao
f,9,粒,2,li
f,9,桢,2,zhen
f,9,今,2,jin
f,9,焱,2,yan
f,9,洒,2,sa
f,9,淡,2,dan
f,9,鱼,2,yu
f,9,凰,2,huang
f,9,棋,2,qi
f,9,柯,2,ke
f,8,色,2,se
f,8,茅,2,mao
f,8,绵,2,mian
f,8,慰,2,wei
f,8,侬,2,nong
f,8,瑄,2,xuan
f,8,路,2,lu
f,8,荪,2,sun
f,8,滨,2,bin
f,8,珞,2,luo
f,8,威,2,wei
f,8,瑚,2,hu
f,8,完,2,wan
f,8,线,2,xian
f,8,年,2,nian
f,8,煜,2,yu
f,8,翡,2,fei
f,8,倚,2,yi
f,8,玎,2,ding
f,8,翻,2,fan
f,8,菜,2,cai
f,8,汕,2,shan
f,8,桥,2,qiao
f,8,绢,2,juan
f,8,村,2,cun
f,7,纱,2,sha
f,7,巾,2,jin
f,7,示,2,shi
f,7,十,2,shi
f,7,程,2,cheng
f,7,唱,2,chang
f,7,丁,2,ding
f,7,齐,2,qi
f,7,亦,2,yi
f,7,草,2,cao
f,7,分,2,fen
f,7,味,2,wei
f,7,稀,2,xi
f,7,蘅,2,heng
f,7,弘,2,hong
f,7,匀,2,yun
f,7,缓,2,huan
f,7,夜,2,ye
f,7,时,2,shi
f,7,足,2,zu
f,7,热,2,re
f,7,畅,2,chang
f,7,珉,2,min
f,7,联,2,lian
f,7,针,2,zhen
f,6,衣,2,yi
f,6,庵,2,an
f,6,苒,2,ran
f,6,育,2,yu
f,6,晚,2,wan
f,6,蛟,2,jiao
f,6,陶,2,tao
f,6,尾,2,wei
f,6,砚,2,yan
f,6,夙,2,su
f,6,坚,2,jian
f,6,咪,2,mi
f,6,公,2,gong
f,6,闻,2,wen
f,6,翩,2,pian
f,6,鸯,2,yang
f,6,唤,2,huan
f,6,瓦,2,wa
f,6,荆,2,jing
f,6,霭,2,ai
f,6,泽,2,ze
f,6,带,2,dai
f,6,鞠,2,ju
f,6,榴,2,liu
f,6,秧,2,yang
f,6,息,2,xi
f,6,裙,2,qun
f,6,浣,2,huan
f,6,竞,2,jing
f,6,为,2,wei
f,6,醒,2,xing
f,6,恒,2,heng
f,6,义,2,yi
f,5,逗,2,dou
f,5,润,2,run
f,5,野,2,ye
f,5,牵,2,qian
f,5,航,2,hang
f,5,秦,2,qin
f,5,醉,2,zui
f,5,允,2,yun
f,5,浮,2,fu
f,5,建,2,jian
f,5,戎,2,rong
f,5,水,2,shui
f,5,郦,2,li
f,5,乡,2,xiang
f,5,因,2,yin
f,5,滋,2,zi
f,5,陵,2,ling
f,5,健,2,jian
f,5,崔,2,cui
f,5,椒,2,jiao
f,5,释,2,shi
f,5,赏,2,shang
f,5,幸,2,xing
f,5,毅,2,yi
f,5,间,2,jian
f,5,蔼,2,ai
f,5,杭,2,hang
f,5,梓,2,zi
f,5,调,2,diao
f,5,季,2,ji
f,5,宾,2,bin
f,5,芩,2,qin
f,5,成,2,cheng
f,5,鹿,2,lu
f,5,渊,2,yuan
f,5,骅,2,hua
f,5,璋,2,zhang
f,4,菀,2,wan
f,4,凉,2,liang
f,4,麒,2,qi
f,4,棉,2,mian
f,4,禅,2,chan
f,4,棣,2,di
f,4,则,2,ze
f,4,行,2,xing
f,4,名,2,ming
f,4,玑,2,ji
f,4,当,2,dang
f,4,榆,2,yu
f,4,沛,2,pei
f,4,硕,2,shuo
f,4,临,2,lin
f,4,仁,2,ren
f,4,趣,2,qu
f,4,钿,2,dian
f,4,轶,2,yi
f,4,丰,2,feng
f,4,庭,2,ting
f,4,嫩,2,nen
f,4,德,2,de
f,4,粤,2,yue
f,4,品,2,pin
f,4,舫,2,fang
f,4,山,2,shan
f,4,妞,2,niu
f,4,染,2,ran
f,4,秒,2,miao
f,4,峡,2,xia
f,4,娄,2,lou
f,4,赟,2,yun
f,4,夕,2,xi
f,4,寅,2,yin
f,3,汀,2,ting
f,3,锐,2,rui
f,3,衍,2,yan
f,3,琇,2,xiu
f,3,湄,2,mei
f,3,吾,2,wu
f,3,谦,2,qian
f,3,存,2,cun
f,3,延,2,yan
f,3,得,2,de
f,3,磊,2,lei
f,3,声,2,sheng
f,3,卫,2,wei
f,3,姚,2,yao
f,3,曲,2,qu
f,3,远,2,yuan
f,3,知,2,zhi
f,3,志,2,zhi
f,3,仔,2,zai
f,3,余,2,yu
f,3,梵,2,fan
f,3,繁,2,fan
f,3,运,2,yun
f,3,寄,2,ji
f,3,牡,2,mu
f,3,墀,2,chi
f,3,澄,2,cheng
f,3,垠,2,yin
f,3,贵,2,gui
f,3,鄂,2,e
f,3,宣,2,xuan
f,3,昭,2,zhao
f,3,谨,2,jin
f,3,詹,2,zhan
f,3,罗,2,luo
f,3,查,2,cha
f,3,翥,2,zhu
f,3,开,2,kai
f,3,昆,2,kun
f,3,俞,2,yu
f,3,奴,2,nu
f,3,拙,2,zhuo
f,3,铮,2,zheng
f,3,娱,2,yu
f,3,磬,2,qing
f,3,栖,2,qi
f,3,跳,2,tiao
f,3,家,2,jia
f,3,琅,2,lang
f,3,稳,2,wen
f,3,郡,2,jun
f,3,玄,2,xuan
f,3,壬,2,ren
f,3,中,2,zhong
f,3,慎,2,shen
f,2,狄,2,di
f,2,铧,2,hua
f,2,泉,2,quan
f,2,雄,2,xiong
f,2,笙,2,sheng
f,2,进,2,jin
f,2,钟,2,zhong
f,2,束,2,shu
f,2,危,2,wei
f,2,亲,2,qin
f,2,历,2,li
f,2,峤,2,jiao
f,2,修,2,xiu
f,2,陌,2,mo
f,2,宰,2,zai
f,2,钻,2,zuan
f,2,喆,2,zhe
f,2,栾,2,luan
f,2,鲍,2,bao
f,2,三,2,san
f,2,康,2,kang
f,2,笔,2,bi
f,2,蕤,2,rui
f,2,韶,2,shao
f,2,致,2,zhi
f,2,廉,2,lian
f,2,帅,2,shuai
f,2,翊,2,yi
f,2,抱,2,bao
f,2,丫,2,ya
f,2,念,2,nian
f,2,豫,2,yu
f,2,灿,2,can
f,2,乌,2,wu
f,2,益,2,yi
f,2,倪,2,ni
f,2,喜,2,xi
f,2,霆,2,ting
f,2,嵘,2,rong
f,2,邹,2,zou
f,2,农,2,nong
f,2,李,2,li
f,2,晏,2,yan
f,2,观,2,guan
f,2,伽,2,ga
f,2,衡,2,heng
f,2,祉,2,zhi
f,2,谷,2,gu
f,2,筝,2,zheng
f,2,戈,2,ge
f,2,旸,2,yang
f,2,帼,2,guo
f,2,熠,2,yi
f,2,洲,2,zhou
f,2,争,2,zheng
f,2,徽,2,hui
f,2,石,2,shi
f,2,璠,2,fan
f,2,惟,2,wei
f,2,千,2,qian
f,2,翼,2,yi
f,2,帝,2,di
f,2,凯,2,kai
f,2,洽,2,qia
f,2,洵,2,xun
f,2,鸳,2,yuan
f,2,节,2,jie
f,2,勉,2,mian
f,2,鲤,2,li
f,2,鋆,2,yun
f,2,翌,2,yi
f,1,练,2,lian
f,1,瑕,2,xia
f,1,孝,2,xiao
f,1,气,2,qi
f,1,钥,2,yao
f,1,舸,2,ge
f,1,酒,2,jiu
f,1,科,2,ke
f,1,领,2,ling
f,1,能,2,neng
f,1,同,2,tong
f,1,薰,2,xun
f,1,里,2,li
f,1,诒,2,yi
f,1,仿,2,fang
f,1,森,2,sen
f,1,展,2,zhan
f,1,榛,2,zhen
f,1,督,2,du
f,1,岱,2,dai
f,1,尤,2,you
f,1,定,2,ding
f,1,祝,2,zhu
f,1,专,2,zhuan
f,1,洛,2,luo
f,1,泳,2,yong
f,1,滕,2,teng
f,1,植,2,zhi
f,1,觉,2,jue
f,1,令,2,ling
f,1,襄,2,xiang
f,1,初,2,chu
f,1,朴,2,pu
f,1,营,2,ying
f,1,塘,2,tang
f,1,樵,2,qiao
f,1,征,2,zheng
f,1,荐,2,jian
f,1,其,2,qi
f,1,系,2,xi
f,1,莽,2,mang
f,1,琮,2,cong
f,1,原,2,yuan
f,1,去,2,qu
f,1,复,2,fu
f,1,细,2,xi
f,1,代,2,dai
f,1,瀚,2,han
f,1,甘,2,gan
f,1,陆,2,lu
f,1,序,2,xu
f,1,添,2,tian
f,1,绫,2,ling
f,1,者,2,zhe
f,1,介,2,jie
f,1,椿,2,chun
f,1,耳,2,er
f,1,炫,2,xuan
f,1,珣,2,xun
f,1,跃,2,yue
f,1,玺,2,xi
f,1,崖,2,ya
f,1,励,2,li
f,1,彧,2,yu
f,1,台,2,tai
f,1,干,2,gan
f,1,羲,2,xi
f,1,赞,2,zan
f,1,绎,2,yi
f,1,燃,2,ran
f,1,屿,2,yu
f,1,赫,2,he
f,1,锡,2,xi
f,1,归,2,gui
f,1,箴,2,zhen
f,1,奚,2,xi
f,1,婆,2,po
f,1,漩,2,xuan
f,1,优,2,you
f,1,团,2,tuan
f,1,斓,2,lan
f,1,藏,2,cang
f,1,想,2,xiang
f,1,径,2,jing
f,1,臣,2,chen
f,1,普,2,pu
f,1,生,2,sheng
f,1,头,2,tou
f,1,全,2,quan
f,1,礼,2,li
f,1,学,2,xue
f,1,章,2,zhang
f,1,垄,2,long
f,1,佶,2,ji
f,1,求,2,qiu
f,1,擎,2,qing
f,1,楼,2,lou
f,1,户,2,hu
f,1,侨,2,qiao
f,1,颍,2,ying
f,1,兹,2,zi
f,1,冶,2,ye
f,1,樾,2,yue
f,1,栩,2,xu
f,1,宸,2,chen
f,1,禧,2,xi
f,1,煌,2,huang
f,1,寰,2,huan
f,1,颂,2,song
f,1,遐,2,xia
f,1,叔,2,shu
f,1,业,2,ye
f,1,聿,2,yu
f,1,休,2,xiu
f,1,诚,2,cheng
f,1,雷,2,lei
f,1,获,2,huo
f,1,漾,2,yang
f,1,大,2,da
f,1,黄,2,huang
f,1,翔,2,xiang
f,1,淞,2,song
f,1,岳,2,yue
f,1,腾,2,teng
f,1,二,2,er
f,1,棱,2,leng
f,1,简,2,jian
f,1,沂,2,yi
f,1,崴,2,wai
f,1,禺,2,yu
f,1,骋,2,cheng
f,1,陈,2,chen
f,1,珲,2,hui
f,1,来,2,lai
f,1,壹,2,yi
f,1,沅,2,yuan
f,1,绶,2,shou
f,1,精,2,jing
f,1,倍,2,bei
f,1,宫,2,gong
f,1,参,2,can
f,1,难,2,nan
f,1,呈,2,cheng
f,1,也,2,ye
f,1,震,2,zhen
f,1,迟,2,chi
f,1,克,2,ke
f,1,客,2,ke
f,1,纬,2,wei
f,1,顺,2,shun
f,1,柏,2,bai
f,1,地,2,di
f,1,锜,2,qi
f,1,永,2,yong
f,1,荫,2,yin
f,1,冠,2,guan
f,1,措,2,cuo
f,1,磐,2,pan
f,1,茨,2,ci
f,1,少,2,shao
f,1,申,2,shen
f,1,迷,2,mi
f,1,乙,2,yi
f,1,愚,2,yu
f,1,怀,2,huai
f,1,兴,2,xing
f,1,还,2,hai
f,1,晋,2,jin
f,1,琢,2,zuo
f,1,解,2,jie
f,1,典,2,dian
f,1,逊,2,xun
f,1,贺,2,he
f,1,严,2,yan
f,1,赢,2,ying
f,1,坦,2,tan
f,1,峥,2,zheng
f,1,烛,2,zhu
f,1,朱,2,zhu
f,1,度,2,du
f,1,瀛,2,ying
f,1,桉,2,an
f,1,虚,2,xu
f,1,缇,2,ti
f,1,稼,2,jia
f,1,皇,2,huang
f,1,皓,2,hao
f,1,灏,2,hao
f,1,炀,2,yang
f,1,亿,2,yi
f,1,涯,2,ya
f,1,烁,2,shuo
f,1,师,2,shi
f,1,岸,2,an
f,1,而,2,er
f,1,剑,2,jian
