gender,char,position,pinyin,pinyin_tone
m,文,1,wen,wén
m,志,1,zhi,zhì
m,国,1,guo,guó
m,建,1,jian,jiàn
m,永,1,yong,yǒng
m,世,1,shi,shì
m,明,1,ming,míng
m,德,1,de,dé
m,晓,1,xiao,xiǎo
m,金,1,jin,jīn
m,海,1,hai,hǎi
m,伟,1,wei,wěi
m,子,1,zi,zi
m,家,1,jia,jiā
m,振,1,zhen,zhèn
m,大,1,da,dà
m,立,1,li,lì
m,俊,1,jun,jùn
m,玉,1,yu,yù
m,庆,1,qing,qìng
m,新,1,xin,xīn
m,天,1,tian,tiān
m,正,1,zheng,zhèng
m,学,1,xue,xué
m,光,1,guang,guāng
m,洪,1,hong,hóng
m,成,1,cheng,chéng
m,长,1,zhang,zhǎng
m,东,1,dong,dōng
m,少,1,shao,shǎo
m,兴,1,xing,xīng
m,忠,1,zhong,zhōng
m,云,1,yun,yún
m,华,1,hua,huá
m,广,1,guang,guǎng
m,春,1,chun,chūn
m,荣,1,rong,róng
m,宏,1,hong,hóng
m,福,1,fu,fú
m,宝,1,bao,bǎo
m,泽,1,ze,zé
m,继,1,ji,jì
m,树,1,shu,shù
m,维,1,wei,wéi
m,元,1,yuan,yuán
m,宗,1,zong,zōng
m,启,1,qi,qǐ
m,中,1,zhong,zhōng
m,昌,1,chang,chāng
m,宇,1,yu,yǔ
m,传,1,chuan,chuán
m,智,1,zhi,zhì
m,景,1,jing,jǐng
m,万,1,wan,wàn
m,军,1,jun,jūn
m,一,1,yi,yī
m,卫,1,wei,wèi
m,瑞,1,rui,ruì
m,士,1,shi,shì
m,祖,1,zu,zǔ
m,克,1,ke,kè
m,红,1,hong,hóng
m,祥,1,xiang,xiáng
m,旭,1,xu,xù
m,浩,1,hao,hào
m,亚,1,ya,yà
m,绍,1,shao,shào
m,仁,1,ren,rén
m,林,1,lin,lín
m,兆,1,zhao,zhào
m,龙,1,long,lóng
m,朝,1,chao,cháo
m,良,1,liang,liáng
m,胜,1,sheng,shèng
m,培,1,pei,péi
m,耀,1,yao,yào
m,鹏,1,peng,péng
m,安,1,an,ān
m,江,1,jiang,jiāng
m,远,1,yuan,yuǎn
m,剑,1,jian,jiàn
m,汉,1,han,hàn
m,锦,1,jin,jǐn
m,松,1,song,sōng
m,勇,1,yong,yǒng
m,友,1,you,yǒu
m,清,1,qing,qīng
m,义,1,yi,yì
m,思,1,si,sī
m,先,1,xian,xiān
m,有,1,you,yǒu
m,延,1,yan,yán
m,炳,1,bing,bǐng
m,健,1,jian,jiàn
m,开,1,kai,kāi
m,嘉,1,jia,jiā
m,彦,1,yan,yàn
m,吉,1,ji,jí
m,利,1,li,lì
m,贵,1,gui,guì
m,鸿,1,hong,hóng
m,进,1,jin,jìn
m,道,1,dao,dào
m,茂,1,mao,mào
m,保,1,bao,bǎo
m,方,1,fang,fāng
m,佳,1,jia,jiā
m,其,1,qi,qí
m,顺,1,shun,shùn
m,英,1,ying,yīng
m,承,1,cheng,chéng
m,向,1,xiang,xiàng
m,书,1,shu,shū
m,连,1,lian,lián
m,富,1,fu,fù
m,全,1,quan,quán
m,贤,1,xian,xián
m,敬,1,jing,jìng
m,跃,1,yue,yuè
m,凯,1,kai,kǎi
m,圣,1,sheng,shèng
m,高,1,gao,gāo
m,超,1,chao,chāo
m,孝,1,xiao,xiào
m,运,1,yun,yùn
m,占,1,zhan,zhàn
m,日,1,ri,rì
m,星,1,xing,xīng
m,生,1,sheng,shēng
m,仲,1,zhong,zhòng
m,恩,1,en,ēn
m,增,1,zeng,zēng
m,守,1,shou,shǒu
m,武,1,wu,wǔ
m,辉,1,hui,huī
m,益,1,yi,yì
m,杰,1,jie,jié
m,发,1,fa,fā
m,铁,1,tie,tiě
m,乐,1,le,lè
m,力,1,li,lì
m,加,1,jia,jiā
m,怀,1,huai,huái
m,定,1,ding,dìng
m,治,1,zhi,zhì
m,锡,1,xi,xī
m,恒,1,heng,héng
m,博,1,bo,bó
m,希,1,xi,xī
m,平,1,ping,píng
m,本,1,ben,běn
m,显,1,xian,xiǎn
m,爱,1,ai,ài
m,仕,1,shi,shì
m,善,1,shan,shàn
m,尚,1,shang,shàng
m,伯,1,bo,bó
m,飞,1,fei,fēi
m,应,1,ying,yīng
m,鑫,1,xin,xīn
m,崇,1,chong,chóng
m,根,1,gen,gēn
m,雪,1,xue,xuě
m,毅,1,yi,yì
m,康,1,kang,kāng
m,柏,1,bai,bǎi
m,焕,1,huan,huàn
m,和,1,he,hé
m,廷,1,ting,tíng
m,斌,1,bin,bīn
m,礼,1,li,lǐ
m,坤,1,kun,kūn
m,太,1,tai,tài
m,水,1,shui,shuǐ
m,达,1,da,dá
m,盛,1,sheng,shèng
m,三,1,san,sān
m,强,1,qiang,qiáng
m,青,1,qing,qīng
m,同,1,tong,tóng
m,为,1,wei,wèi
m,喜,1,xi,xǐ
m,宪,1,xian,xiàn
m,亮,1,liang,liàng
m,哲,1,zhe,zhé
m,政,1,zheng,zhèng
m,铭,1,ming,míng
m,登,1,deng,dēng
m,会,1,hui,huì
m,银,1,yin,yín
m,凤,1,feng,fèng
m,雄,1,xiong,xióng
m,惠,1,hui,huì
m,作,1,zuo,zuò
m,自,1,zi,zì
m,桂,1,gui,guì
m,双,1,shuang,shuāng
m,奇,1,qi,qí
m,相,1,xiang,xiāng
m,寿,1,shou,shòu
m,育,1,yu,yù
m,西,1,xi,xī
m,来,1,lai,lái
m,阳,1,yang,yáng
m,如,1,ru,rú
m,冠,1,guan,guān
m,敏,1,min,mǐn
m,才,1,cai,cái
m,晨,1,chen,chén
m,业,1,ye,yè
m,润,1,run,rùn
m,震,1,zhen,zhèn
m,昭,1,zhao,zhāo
m,信,1,xin,xìn
m,峰,1,feng,fēng
m,纪,1,ji,jì
m,凡,1,fan,fán
m,秀,1,xiu,xiù
m,裕,1,yu,yù
m,科,1,ke,kē
m,源,1,yuan,yuán
m,君,1,jun,jūn
m,兵,1,bing,bīng
m,章,1,zhang,zhāng
m,修,1,xiu,xiū
m,二,1,er,èr
m,波,1,bo,bō
m,晋,1,jin,jìn
m,涛,1,tao,tāo
m,丰,1,feng,fēng
m,常,1,chang,cháng
m,灿,1,can,càn
m,石,1,shi,shí
m,存,1,cun,cún
m,刚,1,gang,gāng
m,昊,1,hao,hào
m,翔,1,xiang,xiáng
m,森,1,sen,sēn
m,雷,1,lei,léi
m,秋,1,qiu,qiū
m,腾,1,teng,téng
m,岩,1,yan,yán
m,帅,1,shuai,shuài
m,民,1,min,mín
m,威,1,wei,wēi
m,磊,1,lei,lěi
m,从,1,cong,cóng
m,之,1,zhi,zhī
m,代,1,dai,dài
m,久,1,jiu,jiǔ
m,扬,1,yang,yáng
m,孟,1,meng,mèng
m,岳,1,yue,yuè
m,邦,1,bang,bāng
m,可,1,ke,kě
m,绪,1,xu,xù
m,镇,1,zhen,zhèn
m,山,1,shan,shān
m,炜,1,wei,wěi
m,乃,1,nai,nǎi
m,栋,1,dong,dòng
m,汝,1,ru,rǔ
m,以,1,yi,yǐ
m,虎,1,hu,hǔ
m,秉,1,bing,bǐng
m,京,1,jing,jīng
m,宜,1,yi,yí
m,令,1,ling,lìng
m,泉,1,quan,quán
m,南,1,nan,nán
m,炎,1,yan,yán
m,锐,1,rui,ruì
m,得,1,de,dé
m,厚,1,hou,hòu
m,殿,1,dian,diàn
m,坚,1,jian,jiān
m,升,1,sheng,shēng
m,雨,1,yu,yǔ
m,锋,1,feng,fēng
m,迪,1,di,dí
m,钦,1,qin,qīn
m,照,1,zhao,zhào
m,冬,1,dong,dōng
m,川,1,chuan,chuān
m,经,1,jing,jīng
m,时,1,shi,shí
m,再,1,zai,zài
m,诚,1,cheng,chéng
m,献,1,xian,xiàn
m,诗,1,shi,shī
m,劲,1,jin,jìn
m,行,1,xing,xíng
m,泰,1,tai,tài
m,昆,1,kun,kūn
m,月,1,yue,yuè
m,观,1,guan,guān
m,旺,1,wang,wàng
m,展,1,zhan,zhǎn
m,木,1,mu,mù
m,燕,1,yan,yàn
m,鹤,1,he,hè
m,骏,1,jun,jùn
m,能,1,neng,néng
m,逸,1,yi,yì
m,凌,1,ling,líng
m,乾,1,qian,qián
m,周,1,zhou,zhōu
m,煜,1,yu,yù
m,名,1,ming,míng
m,四,1,si,sì
m,重,1,zhong,zhòng
m,彬,1,bin,bīn
m,皓,1,hao,hào
m,百,1,bai,bǎi
m,允,1,yun,yǔn
m,理,1,li,lǐ
m,航,1,hang,háng
m,豪,1,hao,háo
m,熙,1,xi,xī
m,化,1,hua,huà
m,鲁,1,lu,lǔ
m,济,1,ji,jì
m,奕,1,yi,yì
m,均,1,jun,jūn
m,卓,1,zhuo,zhuó
m,征,1,zheng,zhēng
m,庭,1,ting,tíng
m,奎,1,kui,kuí
m,亦,1,yi,yì
m,洋,1,yang,yáng
m,程,1,cheng,chéng
m,前,1,qian,qián
m,路,1,lu,lù
m,通,1,tong,tōng
m,言,1,yan,yán
m,群,1,qun,qún
m,付,1,fu,fù
m,基,1,ji,jī
m,钟,1,zhong,zhōng
m,贺,1,he,hè
m,召,1,zhao,zhào
m,心,1,xin,xīn
m,述,1,shu,shù
m,慧,1,hui,huì
m,齐,1,qi,qí
m,火,1,huo,huǒ
m,隆,1,long,lóng
m,宣,1,xuan,xuān
m,战,1,zhan,zhàn
m,声,1,sheng,shēng
m,梓,1,zi,zǐ
m,必,1,bi,bì
m,弘,1,hong,hóng
m,艳,1,yan,yàn
m,衍,1,yan,yǎn
m,法,1,fa,fǎ
m,黎,1,li,lí
m,寅,1,yin,yín
m,宁,1,ning,níng
m,功,1,gong,gōng
m,权,1,quan,quán
m,冲,1,chong,chōng
m,丙,1,bing,bǐng
m,峻,1,jun,jùn
m,起,1,qi,qǐ
m,佑,1,you,yòu
m,阿,1,a,ā
m,曙,1,shu,shǔ
m,靖,1,jing,jìng
m,啸,1,xiao,xiào
m,尧,1,yao,yáo
m,风,1,feng,fēng
m,攀,1,pan,pān
m,致,1,zhi,zhì
m,伦,1,lun,lún
m,品,1,pin,pǐn
m,添,1,tian,tiān
m,北,1,bei,běi
m,渊,1,yuan,yuān
m,鼎,1,ding,dǐng
m,宾,1,bin,bīn
m,壮,1,zhuang,zhuàng
m,美,1,mei,měi
m,杨,1,yang,yáng
m,钢,1,gang,gāng
m,钧,1,jun,jūn
m,纯,1,chun,chún
m,彪,1,biao,biāo
m,望,1,wang,wàng
m,九,1,jiu,jiǔ
m,联,1,lian,lián
m,硕,1,shuo,shuò
m,滨,1,bin,bīn
m,勤,1,qin,qín
m,若,1,ruo,ruò
m,沛,1,pei,pèi
m,公,1,gong,gōng
m,繁,1,fan,fán
m,效,1,xiao,xiào
m,艺,1,yi,yì
m,城,1,cheng,chéng
m,轩,1,xuan,xuān
m,猛,1,meng,měng
m,河,1,he,hé
m,人,1,ren,rén
m,迎,1,ying,yíng
m,帮,1,bang,bāng
m,任,1,ren,rèn
m,满,1,man,mǎn
m,谦,1,qian,qiān
m,念,1,nian,niàn
m,原,1,yuan,yuán
m,余,1,yu,yú
m,宽,1,kuan,kuān
m,合,1,he,hé
m,湘,1,xiang,xiāng
m,现,1,xian,xiàn
m,麟,1,lin,lín
m,师,1,shi,shī
m,井,1,jing,jǐng
m,鸣,1,ming,míng
m,申,1,shen,shēn
m,官,1,guan,guān
m,野,1,ye,yě
m,普,1,pu,pǔ
m,翼,1,yi,yì
m,焱,1,yan,yàn
m,翰,1,han,hàn
m,叶,1,ye,yè
m,田,1,tian,tián
m,楚,1,chu,chǔ
m,韶,1,shao,sháo
m,柱,1,zhu,zhù
m,步,1,bu,bù
m,在,1,zai,zài
m,关,1,guan,guān
m,勋,1,xun,xūn
m,岗,1,gang,gǎng
m,挺,1,ting,tǐng
m,复,1,fu,fù
m,知,1,zhi,zhī
m,梁,1,liang,liáng
m,洲,1,zhou,zhōu
m,赞,1,zan,zàn
m,尔,1,er,ěr
m,澄,1,cheng,chéng
m,钊,1,zhao,zhāo
m,佐,1,zuo,zuǒ
m,敦,1,dun,dūn
m,留,1,liu,liú
m,甲,1,jia,jiǎ
m,烈,1,lie,liè
m,韬,1,tao,tāo
m,印,1,yin,yìn
m,逢,1,feng,féng
m,晟,1,cheng,chéng
m,于,1,yu,yú
m,臣,1,chen,chén
m,巨,1,ju,jù
m,泓,1,hong,hóng
m,浪,1,lang,làng
m,巍,1,wei,wēi
m,丁,1,ding,dīng
m,镜,1,jing,jìng
m,炯,1,jiong,jiǒng
m,毓,1,yu,yù
m,衡,1,heng,héng
m,戈,1,ge,gē
m,训,1,xun,xùn
m,典,1,dian,diǎn
m,瀚,1,han,hàn
m,梦,1,meng,mèng
m,放,1,fang,fàng
m,玄,1,xuan,xuán
m,标,1,biao,biāo
m,禄,1,lu,lù
m,选,1,xuan,xuǎn
m,千,1,qian,qiān
m,舜,1,shun,shùn
m,争,1,zheng,zhēng
m,越,1,yue,yuè
m,细,1,xi,xì
m,甫,1,fu,fǔ
m,则,1,ze,zé
m,见,1,jian,jiàn
m,斯,1,si,sī
m,儒,1,ru,rú
m,琨,1,kun,kūn
m,祺,1,qi,qí
m,键,1,jian,jiàn
m,李,1,li,lǐ
m,淳,1,chun,chún
m,堂,1,tang,táng
m,朗,1,lang,lǎng
m,臻,1,zhen,zhēn
m,魁,1,kui,kuí
m,雁,1,yan,yàn
m,麒,1,qi,qí
m,孔,1,kong,kǒng
m,颂,1,song,sòng
m,嵩,1,song,sōng
m,年,1,nian,nián
m,欣,1,xin,xīn
m,里,1,li,lǐ
m,财,1,cai,cái
m,深,1,shen,shēn
m,鉴,1,jian,jiàn
m,肇,1,zhao,zhào
m,实,1,shi,shí
m,季,1,ji,jì
m,涌,1,yong,yǒng
m,闯,1,chuang,chuǎng
m,苏,1,su,sū
m,静,1,jing,jìng
m,芳,1,fang,fāng
m,刘,1,liu,liú
m,灵,1,ling,líng
m,张,1,zhang,zhāng
m,积,1,ji,jī
m,潮,1,chao,cháo
m,辰,1,chen,chén
m,驰,1,chi,chí
m,介,1,jie,jiè
m,策,1,ce,cè
m,楷,1,kai,kǎi
m,陈,1,chen,chén
m,际,1,ji,jì
m,慎,1,shen,shèn
m,迅,1,xun,xùn
m,侃,1,kan,kǎn
m,煌,1,huang,huáng
m,昱,1,yu,yù
m,特,1,te,tè
m,昂,1,ang,áng
m,竹,1,zhu,zhú
m,端,1,duan,duān
m,映,1,ying,yìng
m,睿,1,rui,ruì
m,创,1,chuang,chuàng
m,上,1,shang,shàng
m,易,1,yi,yì
m,玺,1,xi,xǐ
m,俭,1,jian,jiǎn
m,革,1,ge,gé
m,习,1,xi,xí
m,骁,1,xiao,xiāo
m,稳,1,wen,wěn
m,耿,1,geng,gěng
m,滔,1,tao,tāo
m,贻,1,yi,yí
m,屹,1,yi,yì
m,更,1,geng,gèng
m,湖,1,hu,hú
m,旗,1,qi,qí
m,勃,1,bo,bó
m,举,1,ju,jǔ
m,尊,1,zun,zūn
m,骥,1,ji,jì
m,真,1,zhen,zhēn
m,冀,1,ji,jì
m,颖,1,ying,yǐng
m,钰,1,yu,yù
m,佩,1,pei,pèi
m,怡,1,yi,yí
m,彭,1,peng,péng
m,池,1,chi,chí
m,悦,1,yue,yuè
m,灏,1,hao,hào
m,碧,1,bi,bì
m,坡,1,po,pō
m,聪,1,cong,cōng
m,兰,1,lan,lán
m,铎,1,duo,duó
m,植,1,zhi,zhí
m,干,1,gan,gàn
m,都,1,dou,dōu
m,丕,1,pi,pī
m,湛,1,zhan,zhàn
m,呈,1,cheng,chéng
m,昶,1,chang,chǎng
m,垒,1,lei,lěi
m,校,1,xiao,xiào
m,拓,1,tuo,tuò
m,居,1,ju,jū
m,幼,1,you,yòu
m,贞,1,zhen,zhēn
m,炼,1,lian,liàn
m,宸,1,chen,chén
m,肖,1,xiao,xiào
m,豹,1,bao,bào
m,惟,1,wei,wéi
m,王,1,wang,wáng
m,胤,1,yin,yìn
m,拥,1,yong,yōng
m,竟,1,jing,jìng
m,五,1,wu,wǔ
m,焰,1,yan,yàn
m,纲,1,gang,gāng
m,棋,1,qi,qí
m,霆,1,ting,tíng
m,罡,1,gang,gāng
m,叔,1,shu,shū
m,好,1,hao,hǎo
m,州,1,zhou,zhōu
m,至,1,zhi,zhì
m,多,1,duo,duō
m,亨,1,heng,hēng
m,炫,1,xuan,xuàn
m,朴,1,pu,pǔ
m,精,1,jing,jīng
m,土,1,tu,tǔ
m,熠,1,yi,yì
m,禹,1,yu,yǔ
m,纬,1,wei,wěi
m,亿,1,yi,yì
m,锴,1,kai,kǎi
m,港,1,gang,gǎng
m,汇,1,hui,huì
m,觉,1,jue,jué
m,柳,1,liu,liǔ
m,许,1,xu,xǔ
m,众,1,zhong,zhòng
m,聚,1,ju,jù
m,社,1,she,shè
m,马,1,ma,mǎ
m,地,1,di,dì
m,澍,1,shu,shù
m,勉,1,mian,miǎn
m,列,1,lie,liè
m,计,1,ji,jì
m,朋,1,peng,péng
m,节,1,jie,jié
m,坦,1,tan,tǎn
m,用,1,yong,yòng
m,烽,1,feng,fēng
m,后,1,hou,hòu
m,历,1,li,lì
m,雍,1,yong,yōng
m,罗,1,luo,luó
m,夏,1,xia,xià
m,郑,1,zheng,zhèng
m,唐,1,tang,táng
m,奔,1,ben,bēn
m,淮,1,huai,huái
m,庚,1,geng,gēng
m,鲲,1,kun,kūn
m,农,1,nong,nóng
m,冰,1,bing,bīng
m,璋,1,zhang,zhāng
m,桓,1,huan,huán
m,闻,1,wen,wén
m,锁,1,suo,suǒ
m,阔,1,kuo,kuò
m,轶,1,yi,yì
m,统,1,tong,tǒng
m,蛟,1,jiao,jiāo
m,团,1,tuan,tuán
m,初,1,chu,chū
m,渭,1,wei,wèi
m,蓬,1,peng,péng
m,协,1,xie,xié
m,熊,1,xiong,xióng
m,潜,1,qian,qián
m,范,1,fan,fàn
m,幸,1,xing,xìng
m,竞,1,jing,jìng
m,奉,1,feng,fèng
m,体,1,ti,tǐ
m,懋,1,mao,mào
m,奋,1,fen,fèn
m,录,1,lu,lù
m,恭,1,gong,gōng
m,淦,1,gan,gàn
m,梅,1,mei,méi
m,陆,1,lu,lù
m,锟,1,kun,kūn
m,羽,1,yu,yǔ
m,霄,1,xiao,xiāo
m,记,1,ji,jì
m,赵,1,zhao,zhào
m,逊,1,xun,xùn
m,准,1,zhun,zhǔn
m,序,1,xu,xù
m,嗣,1,si,sì
m,狄,1,di,dí
m,浚,1,jun,jùn
m,直,1,zhi,zhí
m,岸,1,an,àn
m,耕,1,geng,gēng
m,醒,1,xing,xǐng
m,流,1,liu,liú
m,舰,1,jian,jiàn
m,式,1,shi,shì
m,象,1,xiang,xiàng
m,颢,1,hao,hào
m,佰,1,bai,bǎi
m,津,1,jin,jīn
m,律,1,lv,lǜ
m,寒,1,han,hán
m,荫,1,yin,yīn
m,意,1,yi,yì
m,泳,1,yong,yǒng
m,集,1,ji,jí
m,求,1,qiu,qiú
m,结,1,jie,jié
m,曜,1,yao,yào
m,祝,1,zhu,zhù
m,澎,1,peng,pēng
m,杭,1,hang,háng
m,将,1,jiang,jiāng
m,练,1,lian,liàn
m,容,1,rong,róng
m,峥,1,zheng,zhēng
m,琪,1,qi,qí
m,丞,1,cheng,chéng
m,炬,1,ju,jù
m,廉,1,lian,lián
m,术,1,shu,shù
m,浦,1,pu,pǔ
m,侯,1,hou,hóu
m,乔,1,qiao,qiáo
m,咸,1,xian,xián
m,丛,1,cong,cóng
m,铸,1,zhu,zhù
m,珍,1,zhen,zhēn
m,紫,1,zi,zǐ
m,愿,1,yuan,yuàn
m,辅,1,fu,fǔ
m,恕,1,shu,shù
m,桥,1,qiao,qiáo
m,载,1,zai,zài
m,迈,1,mai,mài
m,仰,1,yang,yǎng
m,曦,1,xi,xī
m,郁,1,yu,yù
m,韧,1,ren,rèn
m,图,1,tu,tú
m,又,1,you,yòu
m,谋,1,mou,móu
m,孙,1,sun,sūn
m,琦,1,qi,qí
m,芝,1,zhi,zhī
m,赤,1,chi,chì
m,适,1,shi,shì
m,崎,1,qi,qí
m,解,1,jie,jiě
m,老,1,lao,lǎo
m,遂,1,sui,suì
m,煊,1,xuan,xuān
m,养,1,yang,yǎng
m,葛,1,ge,gé
m,郎,1,lang,láng
m,笃,1,du,dǔ
m,贯,1,guan,guàn
m,无,1,wu,wú
m,笑,1,xiao,xiào
m,炽,1,chi,chì
m,淼,1,miao,miǎo
m,顶,1,ding,dǐng
m,槐,1,huai,huái
m,环,1,huan,huán
m,尉,1,wei,wèi
m,号,1,hao,hào
m,院,1,yuan,yuàn
m,参,1,can,cān
m,燮,1,xie,xiè
m,伏,1,fu,fú
m,岐,1,qi,qí
m,冶,1,ye,yě
m,度,1,du,dù
m,班,1,ban,bān
m,量,1,liang,liàng
m,钱,1,qian,qián
m,逵,1,kui,kuí
m,由,1,you,yóu
m,豫,1,yu,yù
m,斗,1,dou,dòu
m,续,1,xu,xù
m,六,1,liu,liù
m,主,1,zhu,zhǔ
m,柯,1,ke,kē
m,昕,1,xin,xīn
m,援,1,yuan,yuán
m,沅,1,yuan,yuán
m,乘,1,cheng,chéng
m,因,1,yin,yīn
m,省,1,sheng,shěng
m,丽,1,li,lì
m,宙,1,zhou,zhòu
m,墩,1,dun,dūn
m,庸,1,yong,yōng
m,霖,1,lin,lín
m,遵,1,zun,zūn
m,朱,1,zhu,zhū
m,匡,1,kuang,kuāng
m,砚,1,yan,yàn
m,擎,1,qing,qíng
m,涤,1,di,dí
m,充,1,chong,chōng
m,菊,1,ju,jú
m,让,1,rang,ràng
m,桐,1,tong,tóng
m,香,1,xiang,xiāng
m,备,1,bei,bèi
m,渠,1,qu,qú
m,首,1,shou,shǒu
m,蔚,1,wei,wèi
m,祯,1,zhen,zhēn
m,邵,1,shao,shào
m,质,1,zhi,zhì
m,汪,1,wang,wāng
m,泊,1,po,pō
m,遇,1,yu,yù
m,左,1,zuo,zuǒ
m,椿,1,chun,chūn
m,险,1,xian,xiǎn
m,予,1,yu,yǔ
m,渝,1,yu,yú
m,渡,1,du,dù
m,棚,1,peng,péng
m,布,1,bu,bù
m,弼,1,bi,bì
m,位,1,wei,wèi
m,午,1,wu,wǔ
m,懿,1,yi,yì
m,慕,1,mu,mù
m,夫,1,fu,fū
m,商,1,shang,shāng
m,坊,1,fang,fāng
m,招,1,zhao,zhāo
m,洛,1,luo,luò
m,岷,1,min,mín
m,樟,1,zhang,zhāng
m,秦,1,qin,qín
m,欢,1,huan,huān
m,羿,1,yi,yì
m,佶,1,ji,jí
m,模,1,mo,mó
m,仓,1,cang,cāng
m,谷,1,gu,gǔ
m,寰,1,huan,huán
m,铿,1,keng,kēng
m,铨,1,quan,quán
m,栓,1,shuan,shuān
m,今,1,jin,jīn
m,叙,1,xu,xù
m,封,1,feng,fēng
m,近,1,jin,jìn
m,笠,1,li,lì
m,演,1,yan,yǎn
m,严,1,yan,yán
m,祚,1,zuo,zuò
m,专,1,zhuan,zhuān
m,灼,1,zhuo,zhuó
m,绵,1,mian,mián
m,牧,1,mu,mù
m,执,1,zhi,zhí
m,仑,1,lun,lún
m,固,1,gu,gù
m,略,1,lve,lüè
m,休,1,xiu,xiū
m,垂,1,chui,chuí
m,淞,1,song,sōng
m,捷,1,jie,jié
m,韦,1,wei,wéi
m,誉,1,yu,yù
m,边,1,bian,biān
m,舸,1,ge,gě
m,慈,1,ci,cí
m,教,1,jiao,jiào
m,界,1,jie,jiè
m,竣,1,jun,jùn
m,派,1,pai,pài
m,白,1,bai,bái
m,溥,1,pu,pǔ
m,颜,1,yan,yán
m,依,1,yi,yī
m,琅,1,lang,láng
m,羲,1,xi,xī
m,临,1,lin,lín
m,循,1,xun,xún
m,党,1,dang,dǎng
m,溪,1,xi,xī
m,祁,1,qi,qí
m,赛,1,sai,sài
m,要,1,yao,yào
m,尤,1,you,yóu
m,浙,1,zhe,zhè
m,镭,1,lei,léi
m,随,1,sui,suí
m,持,1,chi,chí
m,榕,1,rong,róng
m,徐,1,xu,xú
m,枢,1,shu,shū
m,黄,1,huang,huáng
m,棣,1,di,dì
m,亲,1,qin,qīn
m,焯,1,chao,chāo
m,机,1,ji,jī
m,玮,1,wei,wěi
m,想,1,xiang,xiǎng
m,著,1,zhu,zhù
m,箭,1,jian,jiàn
m,空,1,kong,kōng
m,禧,1,xi,xǐ
m,拯,1,zheng,zhěng
m,穗,1,sui,suì
m,吾,1,wu,wú
m,愈,1,yu,yù
m,曾,1,ceng,céng
m,沪,1,hu,hù
m,十,1,shi,shí
m,淑,1,shu,shū
m,枭,1,xiao,xiāo
m,羊,1,yang,yáng
m,骐,1,qi,qí
m,虹,1,hong,hóng
m,荆,1,jing,jīng
m,共,1,gong,gòng
m,盘,1,pan,pán
m,苍,1,cang,cāng
m,妙,1,miao,miào
m,仙,1,xian,xiān
m,响,1,xiang,xiǎng
m,营,1,ying,yíng
m,铮,1,zheng,zhēng
m,珠,1,zhu,zhū
m,电,1,dian,diàn
m,渤,1,bo,bó
m,徒,1,tu,tú
m,辽,1,liao,liáo
m,烨,1,ye,yè
m,峪,1,yu,yù
m,聿,1,yu,yù
m,宫,1,gong,gōng
m,垄,1,long,lǒng
m,翊,1,yi,yì
m,葆,1,bao,bǎo
m,表,1,biao,biǎo
m,夕,1,xi,xī
m,铜,1,tong,tóng
m,果,1,guo,guǒ
m,晶,1,jing,jīng
m,阅,1,yue,yuè
m,汶,1,wen,wèn
m,优,1,you,yōu
m,庄,1,zhuang,zhuāng
m,房,1,fang,fáng
m,敖,1,ao,áo
m,沧,1,cang,cāng
m,曹,1,cao,cáo
m,恺,1,kai,kǎi
m,瞻,1,zhan,zhān
m,资,1,zi,zī
m,沐,1,mu,mù
m,垣,1,yuan,yuán
m,铠,1,kai,kǎi
m,速,1,su,sù
m,奥,1,ao,ào
m,枫,1,feng,fēng
m,过,1,guo,guò
m,晃,1,huang,huǎng
m,境,1,jing,jìng
m,励,1,li,lì
m,燎,1,liao,liáo
m,仪,1,yi,yí
m,虞,1,yu,yú
m,支,1,zhi,zhī
m,铉,1,xuan,xuàn
m,惊,1,jing,jīng
m,佛,1,fu,fú
m,恪,1,ke,kè
m,域,1,yu,yù
m,履,1,lv,lǚ
m,冈,1,gang,gāng
m,郭,1,guo,guō
m,含,1,han,hán
m,玖,1,jiu,jiǔ
m,杏,1,xing,xìng
m,弥,1,mi,mí
m,期,1,qi,qī
m,极,1,ji,jí
m,驹,1,ju,jū
m,唯,1,wei,wéi
m,岱,1,dai,dài
m,鄂,1,e,è
m,彰,1,zhang,zhāng
m,讯,1,xun,xùn
m,赐,1,ci,cì
m,横,1,heng,héng
m,滋,1,zi,zī
m,爵,1,jue,jué
m,分,1,fen,fēn
m,涧,1,jian,jiàn
m,约,1,yue,yuē
m,领,1,ling,lǐng
m,彩,1,cai,cǎi
m,宠,1,chong,chǒng
m,佃,1,dian,diàn
m,傅,1,fu,fù
m,闽,1,min,mǐn
m,巧,1,qiao,qiǎo
m,宋,1,song,sòng
m,未,1,wei,wèi
m,伍,1,wu,wǔ
m,状,1,zhuang,zhuàng
m,忆,1,yi,yì
m,衣,1,yi,yī
m,防,1,fang,fáng
m,赋,1,fu,fù
m,榜,1,bang,bǎng
m,落,1,luo,luò
m,搏,1,bo,bó
m,甘,1,gan,gān
m,绩,1,ji,jì
m,蒙,1,meng,méng
m,遐,1,xia,xiá
m,蕴,1,yun,yùn
m,辛,1,xin,xīn
m,墨,1,mo,mò
m,提,1,ti,tí
m,第,1,di,dì
m,乙,1,yi,yǐ
m,贡,1,gong,gòng
m,庶,1,shu,shù
m,伸,1,shen,shēn
m,详,1,xiang,xiáng
m,操,1,cao,cāo
m,盖,1,gai,gài
m,赫,1,he,hè
m,沈,1,shen,shěn
m,坝,1,ba,bà
m,骋,1,cheng,chěng
m,赣,1,gan,gàn
m,恢,1,hui,huī
m,稼,1,jia,jià
m,洁,1,jie,jié
m,炉,1,lu,lú
m,纳,1,na,nà
m,烜,1,xuan,xuǎn
m,瑜,1,yu,yú
m,扶,1,fu,fú
m,耐,1,nai,nài
m,翱,1,ao,áo
m,劭,1,shao,shào
m,泗,1,si,sì
m,旻,1,min,mín
m,激,1,ji,jī
m,泾,1,jing,jīng
m,腊,1,la,là
m,舒,1,shu,shū
m,艾,1,ai,ài
m,丹,1,dan,dān
m,睦,1,mu,mù
m,绳,1,sheng,shéng
m,潇,1,xiao,xiāo
m,造,1,zao,zào
m,滕,1,teng,téng
m,曰,1,yue,yuē
m,韩,1,han,hán
m,绥,1,sui,suí
m,枝,1,zhi,zhī
m,巩,1,gong,gǒng
m,鹄,1,gu,gǔ
m,敢,1,gan,gǎn
m,孚,1,fu,fú
m,务,1,wu,wù
m,旌,1,jing,jīng
m,率,1,lv,lǜ
m,顾,1,gu,gù
m,何,1,he,hé
m,岚,1,lan,lán
m,论,1,lun,lùn
m,史,1,shi,shǐ
m,司,1,si,sī
m,溯,1,su,sù
m,慰,1,wei,wèi
m,也,1,ye,yě
m,巴,1,ba,bā
m,问,1,wen,wèn
m,次,1,ci,cì
m,符,1,fu,fú
m,交,1,jiao,jiāo
m,角,1,jiao,jiǎo
m,彤,1,tong,tóng
m,涯,1,ya,yá
m,宴,1,yan,yàn
m,昀,1,yun,yún
m,晏,1,yan,yàn
m,镛,1,yong,yōng
m,荐,1,jian,jiàn
m,捍,1,han,hàn
m,材,1,cai,cái
m,畅,1,chang,chàng
m,洞,1,dong,dòng
m,阜,1,fu,fù
m,七,1,qi,qī
m,引,1,yin,yǐn
m,盈,1,ying,yíng
m,裔,1,yi,yì
m,企,1,qi,qǐ
m,咏,1,yong,yǒng
m,总,1,zong,zǒng
m,去,1,qu,qù
m,澜,1,lan,lán
m,毛,1,mao,máo
m,施,1,shi,shī
m,茁,1,zhuo,zhuó
m,霁,1,ji,jì
m,项,1,xiang,xiàng
m,汗,1,han,hàn
m,肯,1,ken,kěn
m,苗,1,miao,miáo
m,泮,1,pan,pàn
m,洽,1,qia,qià
m,蜀,1,shu,shǔ
m,桃,1,tao,táo
m,晔,1,ye,yè
m,镒,1,yi,yì
m,拴,1,shuan,shuān
m,圳,1,zhen,zhèn
m,移,1,yi,yí
m,御,1,yu,yù
m,户,1,hu,hù
m,动,1,dong,dòng
m,崖,1,ya,yá
m,琼,1,qiong,qióng
m,甸,1,dian,diān
m,而,1,er,ér
m,仿,1,fang,fǎng
m,荷,1,he,hé
m,胡,1,hu,hú
m,麻,1,ma,má
m,虔,1,qian,qián
m,收,1,shou,shōu
m,汐,1,xi,xī
m,性,1,xing,xìng
m,舟,1,zhou,zhōu
m,悟,1,wu,wù
m,柄,1,bing,bǐng
m,刃,1,ren,rèn
m,寺,1,si,sì
m,涵,1,han,hán
m,右,1,you,yòu
m,栎,1,li,lì
m,穆,1,mu,mù
m,谱,1,pu,pǔ
m,然,1,ran,rán
m,格,1,ge,gé
m,毫,1,hao,háo
m,谟,1,mo,mó
m,受,1,shou,shòu
m,魏,1,wei,wèi
m,须,1,xu,xū
m,护,1,hu,hù
m,目,1,mu,mù
m,黔,1,qian,qián
m,异,1,yi,yì
m,磐,1,pan,pán
m,整,1,zheng,zhěng
m,注,1,zhu,zhù
m,晖,1,hui,huī
m,径,1,jing,jìng
m,纶,1,lun,lún
m,卯,1,mao,mǎo
m,神,1,shen,shén
m,瀛,1,ying,yíng
m,筱,1,xiao,xiǎo
m,荡,1,dang,dàng
m,龚,1,gong,gōng
m,践,1,jian,jiàn
m,粮,1,liang,liáng
m,吕,1,lv,lǚ
m,旅,1,lv,lǚ
m,是,1,shi,shì
m,汤,1,tang,tāng
m,温,1,wen,wēn
m,雅,1,ya,yǎ
m,伊,1,yi,yī
m,粤,1,yue,yuè
m,韵,1,yun,yùn
m,朕,1,zhen,zhèn
m,峙,1,zhi,zhì
m,童,1,tong,tóng
m,沿,1,yan,yán
m,窑,1,yao,yáo
m,堪,1,kan,kān
m,辑,1,ji,jí
m,楠,1,nan,nán
m,古,1,gu,gǔ
m,壹,1,yi,yī
m,沃,1,wo,wò
m,歧,1,qi,qí
m,圭,1,gui,guī
m,襄,1,xiang,xiāng
m,几,1,ji,jǐ
m,门,1,men,mén
m,铂,1,bo,bó
m,琛,1,chen,chēn
m,祜,1,hu,hù
m,就,1,jiu,jiù
m,岭,1,ling,lǐng
m,昔,1,xi,xī
m,哓,1,xiao,xiāo
m,宿,1,su,sù
m,溢,1,yi,yì
m,与,1,yu,yǔ
m,肃,1,su,sù
m,服,1,fu,fú
m,蒋,1,jiang,jiǎng
m,八,1,ba,bā
m,检,1,jian,jiǎn
m,卿,1,qing,qīng
m,笔,1,bi,bǐ
m,旦,1,dan,dàn
m,米,1,mi,mǐ
m,秩,1,zhi,zhì
m,素,1,su,sù
m,轮,1,lun,lún
m,巡,1,xun,xún
m,彼,1,bi,bǐ
m,告,1,gao,gào
m,渐,1,jian,jiàn
m,杞,1,qi,qǐ
m,弋,1,yi,yì
m,悠,1,you,yōu
m,猷,1,you,yóu
m,俞,1,yu,yú
m,榆,1,yu,yú
m,及,1,ji,jí
m,珂,1,ke,kē
m,狮,1,shi,shī
m,隽,1,juan,juàn
m,弓,1,gong,gōng
m,兹,1,zi,zī
m,绅,1,shen,shēn
m,侠,1,xia,xiá
m,悌,1,ti,tì
m,监,1,jian,jiān
m,陵,1,ling,líng
m,熏,1,xun,xūn
m,鹿,1,lu,lù
m,漠,1,mo,mò
m,梧,1,wu,wú
m,奈,1,nai,nài
m,祈,1,qi,qí
m,曲,1,qu,qū
m,蒲,1,pu,pú
m,禾,1,he,hé
m,词,1,ci,cí
m,管,1,guan,guǎn
m,皆,1,jie,jiē
m,庞,1,pang,páng
m,取,1,qu,qǔ
m,园,1,yuan,yuán
m,诏,1,zhao,zhào
m,储,1,chu,chǔ
m,非,1,fei,fēi
m,攸,1,you,yōu
m,纵,1,zong,zòng
m,宰,1,zai,zǎi
m,诒,1,yi,yí
m,脉,1,mai,mài
m,船,1,chuan,chuán
m,骑,1,qi,qí
m,桢,1,zhen,zhēn
m,旬,1,xun,xún
m,倚,1,yi,yǐ
m,概,1,gai,gài
m,徽,1,hui,huī
m,迟,1,chi,chí
m,者,1,zhe,zhě
m,称,1,cheng,chēng
m,芸,1,yun,yún
m,报,1,bao,bào
m,袁,1,yuan,yuán
m,不,1,bu,bù
m,谊,1,yi,yì
m,蓝,1,lan,lán
m,沣,1,feng,fēng
m,还,1,hai,hái
m,挥,1,hui,huī
m,阶,1,jie,jiē
m,链,1,lian,liàn
m,琳,1,lin,lín
m,席,1,xi,xí
m,瑶,1,yao,yáo
m,杜,1,du,dù
m,粹,1,cui,cuì
m,寄,1,ji,jì
m,拔,1,ba,bá
m,草,1,cao,cǎo
m,接,1,jie,jiē
m,识,1,shi,shí
m,台,1,tai,tái
m,综,1,zong,zōng
m,麦,1,mai,mài
m,灶,1,zao,zào
m,赖,1,lai,lài
m,稚,1,zhi,zhì
m,矿,1,kuang,kuàng
m,系,1,xi,xì
m,喻,1,yu,yù
m,早,1,zao,zǎo
m,霍,1,huo,huò
m,谨,1,jin,jǐn
m,茗,1,ming,míng
m,研,1,yan,yán
m,夷,1,yi,yí
m,隐,1,yin,yǐn
m,丘,1,qiu,qiū
m,僖,1,xi,xī
m,赟,1,yun,yūn
m,融,1,rong,róng
m,沁,1,qin,qìn
m,傲,1,ao,ào
m,壁,1,bi,bì
m,卜,1,bo,bo
m,采,1,cai,cǎi
m,事,1,shi,shì
m,厅,1,ting,tīng
m,族,1,zu,zú
m,督,1,du,dū
m,换,1,huan,huàn
m,淇,1,qi,qí
m,考,1,kao,kǎo
m,扩,1,kuo,kuò
m,技,1,ji,jì
m,鹰,1,ying,yīng
m,命,1,ming,mìng
m,吴,1,wu,wú
m,衷,1,zhong,zhōng
m,犀,1,xi,xī
m,霞,1,xia,xiá
m,游,1,you,yóu
m,处,1,chu,chù
m,陶,1,tao,táo
m,毕,1,bi,bì
m,沙,1,sha,shā
m,晚,1,wan,wǎn
m,抗,1,kang,kàng
m,卢,1,lu,lú
m,议,1,yi,yì
m,桦,1,hua,huà
m,霸,1,ba,bà
m,包,1,bao,bāo
m,查,1,cha,chá
m,畴,1,chou,chóu
m,祠,1,ci,cí
m,琮,1,cong,cóng
m,村,1,cun,cūn
m,灯,1,deng,dēng
m,帝,1,di,dì
m,夺,1,duo,duó
m,棉,1,mian,mián
m,闵,1,min,mǐn
m,盼,1,pan,pàn
m,壬,1,ren,rén
m,什,1,shen,shén
m,岁,1,sui,suì
m,所,1,suo,suǒ
m,索,1,suo,suǒ
m,皖,1,wan,wǎn
m,虚,1,xu,xū
m,甬,1,yong,yǒng
m,府,1,fu,fǔ
m,配,1,pei,pèi
m,证,1,zheng,zhèng
m,煦,1,xu,xù
m,露,1,lu,lù
m,住,1,zhu,zhù
m,蔼,1,ai,ǎi
m,择,1,ze,zé
m,皇,1,huang,huáng
m,萃,1,cui,cuì
m,珉,1,min,mín
m,欧,1,ou,ōu
m,喆,1,zhe,zhé
m,调,1,diao,diào
m,绿,1,lv,lǜ
m,改,1,gai,gǎi
m,尽,1,jin,jǐn
m,扣,1,kou,kòu
m,屏,1,ping,píng
m,弟,1,di,dì
m,谢,1,xie,xiè
m,荔,1,li,lì
m,牛,1,niu,niú
m,职,1,zhi,zhí
m,屠,1,tu,tú
m,晗,1,han,hán
m,骆,1,luo,luò
m,萌,1,meng,méng
m,戴,1,dai,dài
m,於,1,yu,yú
m,工,1,gong,gōng
m,规,1,gui,guī
m,快,1,kuai,kuài
m,塘,1,tang,táng
m,姚,1,yao,yáo
m,翌,1,yi,yì
m,宥,1,you,yòu
m,浴,1,yu,yù
m,助,1,zhu,zhù
m,最,1,zui,zuì
m,濮,1,pu,pú
m,萧,1,xiao,xiāo
m,抱,1,bao,bào
m,遥,1,yao,yáo
m,陇,1,long,lǒng
m,享,1,xiang,xiǎng
m,忻,1,xin,xīn
m,桔,1,ju,jú
m,董,1,dong,dǒng
m,区,1,qu,qū
m,身,1,shen,shēn
m,抒,1,shu,shū
m,羡,1,xian,xiàn
m,锵,1,qiang,qiāng
m,阁,1,ge,gé
m,黑,1,hei,hēi
m,活,1,huo,huó
m,骞,1,qian,qiān
m,默,1,mo,mò
m,迁,1,qian,qiān
m,转,1,zhuan,zhuǎn
m,伙,1,huo,huǒ
m,亭,1,ting,tíng
m,倍,1,bei,bèi
m,珏,1,jue,jué
m,驷,1,si,sì
m,种,1,zhong,zhǒng
m,忍,1,ren,rěn
m,候,1,hou,hòu
m,姜,1,jiang,jiāng
m,沂,1,yi,yí
m,帆,1,fan,fān
m,比,1,bi,bǐ
m,筠,1,yun,yún
m,郝,1,hao,hǎo
m,莫,1,mo,mò
m,萍,1,ping,píng
m,器,1,qi,qì
m,烁,1,shuo,shuò
m,已,1,yi,yǐ
m,舍,1,she,shě
m,归,1,gui,guī
m,薛,1,xue,xuē
m,诸,1,zhu,zhū
m,荃,1,quan,quán
m,戚,1,qi,qī
m,筑,1,zhu,zhù
m,耘,1,yun,yún
m,笛,1,di,dí
m,熹,1,xi,xī
m,琰,1,yan,yǎn
m,郡,1,jun,jùn
m,珈,1,jia,jiā
m,汀,1,ting,tīng
m,贝,1,bei,bèi
m,赓,1,geng,gēng
m,霈,1,pei,pèi
m,欲,1,yu,yù
m,晴,1,qing,qíng
m,车,1,che,chē
m,花,1,hua,huā
m,柔,1,rou,róu
m,倬,1,zhuo,zhuō
m,漫,1,man,màn
m,鲜,1,xian,xiān
m,宵,1,xiao,xiāo
m,栩,1,xu,xǔ
m,皋,1,gao,gāo
m,塞,1,sai,sāi
m,朔,1,shuo,shuò
m,歆,1,xin,xīn
m,祎,1,yi,yī
m,孜,1,zi,zī
m,吟,1,yin,yín
m,藏,1,cang,cáng
m,潞,1,lu,lù
m,歌,1,ge,gē
m,珩,1,hang,háng
m,稀,1,xi,xī
m,旋,1,xuan,xuán
m,闪,1,shan,shǎn
m,颐,1,yi,yí
m,庙,1,miao,miào
m,瑛,1,ying,yīng
m,岫,1,xiu,xiù
m,仟,1,qian,qiān
m,嘎,1,ga,gā
m,回,1,hui,huí
m,厉,1,li,lì
m,劳,1,lao,láo
m,尘,1,chen,chén
m,辞,1,ci,cí
m,奂,1,huan,huàn
m,鲤,1,li,lǐ
m,玲,1,ling,líng
m,诺,1,nuo,nuò
m,邱,1,qiu,qiū
m,套,1,tao,tào
m,衔,1,xian,xián
m,怿,1,yi,yì
m,绎,1,yi,yì
m,赢,1,ying,yíng
m,宅,1,zhai,zhái
m,璧,1,bi,bì
m,莘,1,shen,shēn
m,嵘,1,rong,róng
m,夙,1,su,sù
m,数,1,shu,shù
m,楼,1,lou,lóu
m,尖,1,jian,jiān
m,椒,1,jiao,jiāo
m,拉,1,la,lā
m,气,1,qi,qì
m,芦,1,lu,lú
m,荻,1,di,dí
m,瑾,1,jin,jǐn
m,兮,1,xi,xī
m,闰,1,run,rùn
m,外,1,wai,wài
m,呼,1,hu,hū
m,男,1,nan,nán
m,罕,1,han,hǎn
m,唤,1,huan,huàn
m,梨,1,li,lí
m,佟,1,tong,tóng
m,探,1,tan,tàn
m,荪,1,sun,sūn
m,卡,1,ka,kǎ
m,忱,1,chen,chén
m,轲,1,ke,kē
m,焜,1,kun,kūn
m,铃,1,ling,líng
m,珑,1,long,lóng
m,璐,1,lu,lù
m,暖,1,nuan,nuǎn
m,女,1,nv,nǚ
m,琴,1,qin,qín
m,裘,1,qiu,qiú
m,委,1,wei,wěi
m,乡,1,xiang,xiāng
m,垠,1,yin,yín
m,语,1,yu,yǔ
m,站,1,zhan,zhàn
m,球,1,qiu,qiú
m,樊,1,fan,fán
m,哈,1,ha,hā
m,盟,1,meng,méng
m,示,1,shi,shì
m,邓,1,deng,dèng
m,获,1,huo,huò
m,楣,1,mei,méi
m,潘,1,pan,pān
m,县,1,xian,xiàn
m,费,1,fei,fèi
m,徵,1,zheng,zhēng
m,芒,1,mang,máng
m,产,1,chan,chǎn
m,旷,1,kuang,kuàng
m,邻,1,lin,lín
m,译,1,yi,yì
m,侨,1,qiao,qiáo
m,蠡,1,li,lí
m,追,1,zhui,zhuī
m,麓,1,lu,lù
m,霭,1,ai,ǎi
m,楹,1,ying,yíng
m,微,1,wei,wēi
m,炀,1,yang,yáng
m,戎,1,rong,róng
m,镐,1,gao,gǎo
m,宛,1,wan,wǎn
m,半,1,ban,bàn
m,钿,1,dian,diàn
m,栗,1,li,lì
m,秘,1,mi,mì
m,密,1,mi,mì
m,韫,1,yun,yùn
m,殷,1,yin,yīn
m,樾,1,yue,yuè
m,店,1,dian,diàn
m,柠,1,ning,níng
m,淘,1,tao,táo
m,芷,1,zhi,zhǐ
m,鲸,1,jing,jīng
m,塔,1,ta,tǎ
m,幽,1,you,yōu
m,函,1,han,hán
m,楫,1,ji,jí
m,骄,1,jiao,jiāo
m,莱,1,lai,lái
m,廖,1,liao,liào
m,难,1,nan,nán
m,绶,1,shou,shòu
m,听,1,ting,tīng
m,骧,1,xiang,xiāng
m,烟,1,yan,yān
m,样,1,yang,yàng
m,聘,1,pin,pìn
m,钻,1,zuan,zuān
m,弛,1,chi,chí
m,邢,1,xing,xíng
m,彝,1,yi,yí
m,斐,1,fei,fěi
m,泱,1,yang,yāng
m,阮,1,ruan,ruǎn
m,翻,1,fan,fān
m,俏,1,qiao,qiào
m,粱,1,liang,liáng
m,厦,1,sha,shà
m,潭,1,tan,tán
m,尾,1,wei,wěi
m,员,1,yuan,yuán
m,奖,1,jiang,jiǎng
m,单,1,dan,dān
m,间,1,jian,jiān
m,侍,1,shi,shì
m,戊,1,wu,wù
m,夜,1,ye,yè
m,字,1,zi,zì
m,足,1,zu,zú
m,翘,1,qiao,qiào
m,别,1,bie,bié
m,骊,1,li,lí
m,銮,1,luan,luán
m,眉,1,mei,méi
m,坛,1,tan,tán
m,馥,1,fu,fù
m,涟,1,lian,lián
m,浓,1,nong,nóng
m,蒂,1,di,dì
m,停,1,ting,tíng
m,蘅,1,heng,héng
m,芮,1,rui,ruì
m,颍,1,ying,yǐng
m,蔡,1,cai,cài
m,龄,1,ling,líng
m,粉,1,fen,fěn
m,释,1,shi,shì
m,鱼,1,yu,yú
m,钥,1,yao,yào
m,扎,1,zha,zhā
m,艮,1,gen,gěn
m,稷,1,ji,jì
m,橙,1,cheng,chéng
m,儿,1,er,ér
m,梵,1,fan,fàn
m,郦,1,li,lì
m,淋,1,lin,lín
m,璞,1,pu,pú
m,芹,1,qin,qín
m,饶,1,rao,ráo
m,掌,1,zhang,zhǎng
m,埠,1,bu,bù
m,珺,1,jun,jùn
m,带,1,dai,dài
m,凝,1,ning,níng
m,冉,1,ran,rǎn
m,胥,1,xu,xū
m,频,1,pin,pín
m,纹,1,wen,wén
m,圆,1,yuan,yuán
m,缘,1,yuan,yuán
m,檀,1,tan,tán
m,芬,1,fen,fēn
m,冯,1,feng,féng
m,瑰,1,gui,guī
m,兢,1,jing,jīng
m,浅,1,qian,qiǎn
m,洵,1,xun,xún
m,奚,1,xi,xī
m,璇,1,xuan,xuán
m,绚,1,xuan,xuàn
m,音,1,yin,yīn
m,荟,1,hui,huì
m,霜,1,shuang,shuāng
m,琇,1,xiu,xiù
m,离,1,li,lí
m,姬,1,ji,jī
m,简,1,jian,jiǎn
m,勒,1,lei,lēi
m,谅,1,liang,liàng
m,溶,1,rong,róng
m,熔,1,rong,róng
m,明,2,ming,míng
m,军,2,jun,jūn
m,林,2,lin,lín
m,平,2,ping,píng
m,华,2,hua,huá
m,伟,2,wei,wěi
m,龙,2,long,lóng
m,文,2,wen,wén
m,生,2,sheng,shēng
m,辉,2,hui,huī
m,强,2,qiang,qiáng
m,杰,2,jie,jié
m,峰,2,feng,fēng
m,东,2,dong,dōng
m,波,2,bo,bō
m,成,2,cheng,chéng
m,斌,2,bin,bīn
m,荣,2,rong,róng
m,涛,2,tao,tāo
m,民,2,min,mín
m,祥,2,xiang,xiáng
m,亮,2,liang,liàng
m,国,2,guo,guó
m,海,2,hai,hǎi
m,良,2,liang,liáng
m,勇,2,yong,yǒng
m,宇,2,yu,yǔ
m,鹏,2,peng,péng
m,飞,2,fei,fēi
m,刚,2,gang,gāng
m,超,2,chao,chāo
m,忠,2,zhong,zhōng
m,锋,2,feng,fēng
m,新,2,xin,xīn
m,光,2,guang,guāng
m,山,2,shan,shān
m,春,2,chun,chūn
m,江,2,jiang,jiāng
m,兵,2,bing,bīng
m,松,2,song,sōng
m,武,2,wu,wǔ
m,清,2,qing,qīng
m,兴,2,xing,xīng
m,德,2,de,dé
m,元,2,yuan,yuán
m,福,2,fu,fú
m,安,2,an,ān
m,俊,2,jun,jùn
m,彬,2,bin,bīn
m,胜,2,sheng,shèng
m,阳,2,yang,yáng
m,志,2,zhi,zhì
m,庆,2,qing,qìng
m,贵,2,gui,guì
m,雄,2,xiong,xióng
m,坤,2,kun,kūn
m,才,2,cai,cái
m,义,2,yi,yì
m,全,2,quan,quán
m,昌,2,chang,chāng
m,宏,2,hong,hóng
m,宝,2,bao,bǎo
m,发,2,fa,fā
m,富,2,fu,fù
m,和,2,he,hé
m,建,2,jian,jiàn
m,泉,2,quan,quán
m,金,2,jin,jīn
m,友,2,you,yǒu
m,利,2,li,lì
m,星,2,xing,xīng
m,根,2,gen,gēn
m,源,2,yuan,yuán
m,鑫,2,xin,xīn
m,权,2,quan,quán
m,中,2,zhong,zhōng
m,浩,2,hao,hào
m,凯,2,kai,kǎi
m,仁,2,ren,rén
m,康,2,kang,kāng
m,豪,2,hao,háo
m,远,2,yuan,yuǎn
m,磊,2,lei,lěi
m,贤,2,xian,xián
m,虎,2,hu,hǔ
m,森,2,sen,sēn
m,健,2,jian,jiàn
m,洪,2,hong,hóng
m,川,2,chuan,chuān
m,顺,2,shun,shùn
m,铭,2,ming,míng
m,博,2,bo,bó
m,洋,2,yang,yáng
m,达,2,da,dá
m,翔,2,xiang,xiáng
m,奇,2,qi,qí
m,喜,2,xi,xǐ
m,宁,2,ning,níng
m,智,2,zhi,zhì
m,旭,2,xu,xù
m,立,2,li,lì
m,威,2,wei,wēi
m,栋,2,dong,dòng
m,旺,2,wang,wàng
m,瑞,2,rui,ruì
m,乐,2,le,lè
m,毅,2,yi,yì
m,泽,2,ze,zé
m,学,2,xue,xué
m,恒,2,heng,héng
m,来,2,lai,lái
m,南,2,nan,nán
m,章,2,zhang,zhāng
m,进,2,jin,jìn
m,丰,2,feng,fēng
m,雷,2,lei,léi
m,轩,2,xuan,xuān
m,哲,2,zhe,zhé
m,科,2,ke,kē
m,奎,2,kui,kuí
m,正,2,zheng,zhèng
m,方,2,fang,fāng
m,洲,2,zhou,zhōu
m,升,2,sheng,shēng
m,永,2,yong,yǒng
m,云,2,yun,yún
m,伦,2,lun,lún
m,鸿,2,hong,hóng
m,彪,2,biao,biāo
m,天,2,tian,tiān
m,诚,2,cheng,chéng
m,田,2,tian,tián
m,青,2,qing,qīng
m,臣,2,chen,chén
m,堂,2,tang,táng
m,城,2,cheng,chéng
m,礼,2,li,lǐ
m,盛,2,sheng,shèng
m,柱,2,zhu,zhù
m,扬,2,yang,yáng
m,标,2,biao,biāo
m,恩,2,en,ēn
m,一,2,yi,yī
m,水,2,shui,shuǐ
m,力,2,li,lì
m,敏,2,min,mǐn
m,高,2,gao,gāo
m,勋,2,xun,xūn
m,耀,2,yao,yào
m,卫,2,wei,wèi
m,坚,2,jian,jiān
m,茂,2,mao,mào
m,航,2,hang,háng
m,财,2,cai,cái
m,先,2,xian,xiān
m,群,2,qun,qún
m,广,2,guang,guǎng
m,业,2,ye,yè
m,银,2,yin,yín
m,吉,2,ji,jí
m,政,2,zheng,zhèng
m,凡,2,fan,fán
m,维,2,wei,wéi
m,麟,2,lin,lín
m,信,2,xin,xìn
m,剑,2,jian,jiàn
m,保,2,bao,bǎo
m,河,2,he,hé
m,宾,2,bin,bīn
m,年,2,nian,nián
m,滨,2,bin,bīn
m,程,2,cheng,chéng
m,钦,2,qin,qīn
m,为,2,wei,wèi
m,尧,2,yao,yáo
m,基,2,ji,jī
m,鸣,2,ming,míng
m,岩,2,yan,yán
m,帅,2,shuai,shuài
m,聪,2,cong,cōng
m,炜,2,wei,wěi
m,霖,2,lin,lín
m,钧,2,jun,jūn
m,梁,2,liang,liáng
m,振,2,zhen,zhèn
m,勤,2,qin,qín
m,宗,2,zong,zōng
m,汉,2,han,hàn
m,君,2,jun,jūn
m,炎,2,yan,yán
m,法,2,fa,fǎ
m,然,2,ran,rán
m,灿,2,can,càn
m,有,2,you,yǒu
m,通,2,tong,tōng
m,均,2,jun,jūn
m,禄,2,lu,lù
m,昊,2,hao,hào
m,跃,2,yue,yuè
m,寿,2,shou,shòu
m,钢,2,gang,gāng
m,卿,2,qing,qīng
m,泰,2,tai,tài
m,周,2,zhou,zhōu
m,夫,2,fu,fū
m,宽,2,kuan,kuān
m,谦,2,qian,qiān
m,庭,2,ting,tíng
m,培,2,pei,péi
m,行,2,xing,xíng
m,桥,2,qiao,qiáo
m,锐,2,rui,ruì
m,晖,2,hui,huī
m,会,2,hui,huì
m,熙,2,xi,xī
m,骏,2,jun,jùn
m,隆,2,long,lóng
m,树,2,shu,shù
m,朝,2,chao,cháo
m,举,2,ju,jǔ
m,增,2,zeng,zēng
m,益,2,yi,yì
m,廷,2,ting,tíng
m,能,2,neng,néng
m,钊,2,zhao,zhāo
m,运,2,yun,yùn
m,腾,2,teng,téng
m,朋,2,peng,péng
m,征,2,zheng,zhēng
m,岳,2,yue,yuè
m,石,2,shi,shí
m,辰,2,chen,chén
m,善,2,shan,shàn
m,雨,2,yu,yǔ
m,渊,2,yuan,yuān
m,昆,2,kun,kūn
m,原,2,yuan,yuán
m,煌,2,huang,huáng
m,儒,2,ru,rú
m,敬,2,jing,jìng
m,初,2,chu,chū
m,西,2,xi,xī
m,邦,2,bang,bāng
m,冲,2,chong,chōng
m,启,2,qi,qǐ
m,裕,2,yu,yù
m,如,2,ru,rú
m,乾,2,qian,qián
m,魁,2,kui,kuí
m,印,2,yin,yìn
m,同,2,tong,tóng
m,言,2,yan,yán
m,齐,2,qi,qí
m,之,2,zhi,zhī
m,彦,2,yan,yàn
m,理,2,li,lǐ
m,韬,2,tao,tāo
m,甫,2,fu,fǔ
m,余,2,yu,yú
m,开,2,kai,kāi
m,治,2,zhi,zhì
m,圣,2,sheng,shèng
m,焕,2,huan,huàn
m,迪,2,di,dí
m,道,2,dao,dào
m,猛,2,meng,měng
m,祺,2,qi,qí
m,柏,2,bai,bǎi
m,定,2,ding,dìng
m,其,2,qi,qí
m,锦,2,jin,jǐn
m,岗,2,gang,gǎng
m,存,2,cun,cún
m,前,2,qian,qián
m,书,2,shu,shū
m,景,2,jing,jǐng
m,声,2,sheng,shēng
m,昭,2,zhao,zhāo
m,祖,2,zu,zǔ
m,岭,2,ling,lǐng
m,震,2,zhen,zhèn
m,潮,2,chao,cháo
m,功,2,gong,gōng
m,冬,2,dong,dōng
m,硕,2,shuo,shuò
m,路,2,lu,lù
m,衡,2,heng,héng
m,怀,2,huai,huái
m,翰,2,han,hàn
m,长,2,zhang,zhǎng
m,鹤,2,he,hè
m,皓,2,hao,hào
m,里,2,li,lǐ
m,营,2,ying,yíng
m,旗,2,qi,qí
m,秋,2,qiu,qiū
m,照,2,zhao,zhào
m,煜,2,yu,yù
m,人,2,ren,rén
m,克,2,ke,kè
m,州,2,zhou,zhōu
m,宣,2,xuan,xuān
m,镇,2,zhen,zhèn
m,申,2,shen,shēn
m,亚,2,ya,yà
m,宪,2,xian,xiàn
m,桂,2,gui,guì
m,舟,2,zhou,zhōu
m,欣,2,xin,xīn
m,帆,2,fan,fān
m,玉,2,yu,yù
m,家,2,jia,jiā
m,农,2,nong,nóng
m,玺,2,xi,xǐ
m,贺,2,he,hè
m,壮,2,zhuang,zhuàng
m,野,2,ye,yě
m,攀,2,pan,pān
m,杨,2,yang,yáng
m,望,2,wang,wàng
m,希,2,xi,xī
m,修,2,xiu,xiū
m,烈,2,lie,liè
m,钟,2,zhong,zhōng
m,添,2,tian,tiān
m,起,2,qi,qǐ
m,仲,2,zhong,zhòng
m,池,2,chi,chí
m,意,2,yi,yì
m,孝,2,xiao,xiào
m,佑,2,you,yòu
m,木,2,mu,mù
m,深,2,shen,shēn
m,万,2,wan,wàn
m,亭,2,ting,tíng
m,挺,2,ting,tǐng
m,寅,2,yin,yín
m,普,2,pu,pǔ
m,琦,2,qi,qí
m,三,2,san,sān
m,子,2,zi,zi
m,浪,2,lang,làng
m,璋,2,zhang,zhāng
m,坡,2,po,pō
m,展,2,zhan,zhǎn
m,久,2,jiu,jiǔ
m,晨,2,chen,chén
m,传,2,chuan,chuán
m,臻,2,zhen,zhēn
m,铎,2,duo,duó
m,巍,2,wei,wēi
m,合,2,he,hé
m,翼,2,yi,yì
m,弘,2,hong,hóng
m,俭,2,jian,jiǎn
m,革,2,ge,gé
m,本,2,ben,běn
m,炳,2,bing,bǐng
m,纲,2,gang,gāng
m,厚,2,hou,hòu
m,湖,2,hu,hú
m,延,2,yan,yán
m,承,2,cheng,chéng
m,鼎,2,ding,dǐng
m,晋,2,jin,jìn
m,焱,2,yan,yàn
m,名,2,ming,míng
m,朗,2,lang,lǎng
m,放,2,fang,fàng
m,昂,2,ang,áng
m,晓,2,xiao,xiǎo
m,球,2,qiu,qiú
m,大,2,da,dà
m,品,2,pin,pǐn
m,楷,2,kai,kǎi
m,淳,2,chun,chún
m,楠,2,nan,nán
m,实,2,shi,shí
m,任,2,ren,rèn
m,毛,2,mao,máo
m,育,2,yu,yù
m,相,2,xiang,xiāng
m,润,2,run,rùn
m,澄,2,cheng,chéng
m,太,2,tai,tài
m,玮,2,wei,wěi
m,戈,2,ge,gē
m,晟,2,cheng,chéng
m,琨,2,kun,kūn
m,驰,2,chi,chí
m,瀚,2,han,hàn
m,鲁,2,lu,lǔ
m,北,2,bei,běi
m,峻,2,jun,jùn
m,锡,2,xi,xī
m,满,2,man,mǎn
m,公,2,gong,gōng
m,铁,2,tie,tiě
m,典,2,dian,diǎn
m,甲,2,jia,jiǎ
m,尚,2,shang,shàng
m,显,2,xian,xiǎn
m,骥,2,ji,jì
m,炯,2,jiong,jiǒng
m,嘉,2,jia,jiā
m,庚,2,geng,gēng
m,丁,2,ding,dīng
m,化,2,hua,huà
m,宜,2,yi,yí
m,啸,2,xiao,xiào
m,禹,2,yu,yǔ
m,键,2,jian,jiàn
m,师,2,shi,shī
m,赞,2,zan,zàn
m,滔,2,tao,tāo
m,麒,2,qi,qí
m,豹,2,bao,bào
m,时,2,shi,shí
m,棋,2,qi,qí
m,录,2,lu,lù
m,常,2,chang,cháng
m,京,2,jing,jīng
m,日,2,ri,rì
m,策,2,ce,cè
m,龄,2,ling,líng
m,玄,2,xuan,xuán
m,捷,2,jie,jié
m,纯,2,chun,chún
m,召,2,zhao,zhào
m,睿,2,rui,ruì
m,令,2,ling,lìng
m,嵩,2,song,sōng
m,卓,2,zhuo,zhuó
m,纬,2,wei,wěi
m,闯,2,chuang,chuǎng
m,舜,2,shun,shùn
m,稳,2,wen,wěn
m,都,2,dou,dōu
m,湘,2,xiang,xiāng
m,非,2,fei,fēi
m,绪,2,xu,xù
m,崇,2,chong,chóng
m,锁,2,suo,suǒ
m,献,2,xian,xiàn
m,战,2,zhan,zhàn
m,选,2,xuan,xuǎn
m,范,2,fan,fàn
m,联,2,lian,lián
m,鉴,2,jian,jiàn
m,仓,2,cang,cāng
m,好,2,hao,hǎo
m,霆,2,ting,tíng
m,士,2,shi,shì
m,迅,2,xun,xùn
m,村,2,cun,cūn
m,庄,2,zhuang,zhuāng
m,图,2,tu,tú
m,谋,2,mou,móu
m,仕,2,shi,shì
m,特,2,te,tè
m,双,2,shuang,shuāng
m,火,2,huo,huǒ
m,登,2,deng,dēng
m,逸,2,yi,yì
m,世,2,shi,shì
m,宸,2,chen,chén
m,训,2,xun,xùn
m,植,2,zhi,zhí
m,港,2,gang,gǎng
m,重,2,zhong,zhòng
m,加,2,jia,jiā
m,兆,2,zhao,zhào
m,廉,2,lian,lián
m,琛,2,chen,chēn
m,涌,2,yong,yǒng
m,侃,2,kan,kǎn
m,劲,2,jin,jìn
m,见,2,jian,jiàn
m,沛,2,pei,pèi
m,罡,2,gang,gāng
m,继,2,ji,jì
m,勃,2,bo,bó
m,灏,2,hao,hào
m,亨,2,heng,hēng
m,冠,2,guan,guān
m,泓,2,hong,hóng
m,越,2,yue,yuè
m,朴,2,pu,pǔ
m,允,2,yun,yǔn
m,纪,2,ji,jì
m,应,2,ying,yīng
m,九,2,jiu,jiǔ
m,烽,2,feng,fēng
m,楼,2,lou,lóu
m,付,2,fu,fù
m,祯,2,zhen,zhēn
m,垒,2,lei,lěi
m,衍,2,yan,yǎn
m,向,2,xiang,xiàng
m,牛,2,niu,niú
m,复,2,fu,fù
m,弟,2,di,dì
m,知,2,zhi,zhī
m,佐,2,zuo,zuǒ
m,淼,2,miao,miǎo
m,佳,2,jia,jiā
m,凌,2,ling,líng
m,蛟,2,jiao,jiāo
m,干,2,gan,gàn
m,千,2,qian,qiān
m,焰,2,yan,yàn
m,铨,2,quan,quán
m,冰,2,bing,bīng
m,社,2,she,shè
m,争,2,zheng,zhēng
m,恭,2,gong,gōng
m,斗,2,dou,dòu
m,济,2,ji,jì
m,众,2,zhong,zhòng
m,胤,2,yin,yìn
m,棠,2,tang,táng
m,模,2,mo,mó
m,领,2,ling,lǐng
m,地,2,di,dì
m,岐,2,qi,qí
m,熊,2,xiong,xióng
m,伯,2,bo,bó
m,昶,2,chang,chǎng
m,节,2,jie,jié
m,桢,2,zhen,zhēn
m,炼,2,lian,liàn
m,锴,2,kai,kǎi
m,颂,2,song,sòng
m,驹,2,ju,jū
m,男,2,nan,nán
m,骁,2,xiao,xiāo
m,拓,2,tuo,tuò
m,于,2,yu,yú
m,桓,2,huan,huán
m,雍,2,yong,yōng
m,官,2,guan,guān
m,校,2,xiao,xiào
m,湛,2,zhan,zhàn
m,镜,2,jing,jìng
m,团,2,tuan,tuán
m,钰,2,yu,yù
m,阔,2,kuo,kuò
m,坦,2,tan,tǎn
m,耕,2,geng,gēng
m,炫,2,xuan,xuàn
m,经,2,jing,jīng
m,枫,2,feng,fēng
m,屹,2,yi,yì
m,丞,2,cheng,chéng
m,艺,2,yi,yì
m,谊,2,yi,yì
m,绍,2,shao,shào
m,澍,2,shu,shù
m,可,2,ke,kě
m,孟,2,meng,mèng
m,阁,2,ge,gé
m,彭,2,peng,péng
m,流,2,liu,liú
m,潜,2,qian,qián
m,仑,2,lun,lún
m,煊,2,xuan,xuān
m,勉,2,mian,miǎn
m,槐,2,huai,huái
m,舰,2,jian,jiàn
m,熠,2,yi,yì
m,土,2,tu,tǔ
m,繁,2,fan,fán
m,唐,2,tang,táng
m,淦,2,gan,gàn
m,恺,2,kai,kǎi
m,材,2,cai,cái
m,让,2,rang,ràng
m,锟,2,kun,kūn
m,帮,2,bang,bāng
m,郎,2,lang,láng
m,直,2,zhi,zhí
m,用,2,yong,yòng
m,宙,2,zhou,zhòu
m,亿,2,yi,yì
m,奋,2,fen,fèn
m,闻,2,wen,wén
m,淮,2,huai,huái
m,耿,2,geng,gěng
m,创,2,chuang,chuàng
m,琪,2,qi,qí
m,欢,2,huan,huān
m,奔,2,ben,bēn
m,曙,2,shu,shǔ
m,寰,2,huan,huán
m,观,2,guan,guān
m,逊,2,xun,xùn
m,侯,2,hou,hóu
m,尔,2,er,ěr
m,孙,2,sun,sūn
m,铮,2,zheng,zhēng
m,刘,2,liu,liú
m,鲲,2,kun,kūn
m,慎,2,shen,shèn
m,愚,2,yu,yú
m,则,2,ze,zé
m,历,2,li,lì
m,浚,2,jun,jùn
m,念,2,nian,niàn
m,冀,2,ji,jì
m,果,2,guo,guǒ
m,愿,2,yuan,yuàn
m,得,2,de,dé
m,量,2,liang,liàng
m,赐,2,ci,cì
m,椿,2,chun,chūn
m,浦,2,pu,pǔ
m,占,2,zhan,zhàn
m,澎,2,peng,pēng
m,渠,2,qu,qú
m,岸,2,an,àn
m,准,2,zhun,zhǔn
m,铸,2,zhu,zhù
m,骅,2,hua,huá
m,禧,2,xi,xǐ
m,榜,2,bang,bǎng
m,庸,2,yong,yōng
m,韶,2,shao,sháo
m,将,2,jiang,jiāng
m,练,2,lian,liàn
m,张,2,zhang,zhāng
m,炬,2,ju,jù
m,律,2,lv,lǜ
m,风,2,feng,fēng
m,藩,2,fan,fān
m,列,2,lie,liè
m,逵,2,kui,kuí
m,恕,2,shu,shù
m,蓬,2,peng,péng
m,介,2,jie,jiè
m,竟,2,jing,jìng
m,统,2,tong,tǒng
m,度,2,du,dù
m,颢,2,hao,hào
m,灵,2,ling,líng
m,白,2,bai,bái
m,结,2,jie,jié
m,王,2,wang,wáng
m,郑,2,zheng,zhèng
m,觉,2,jue,jué
m,狄,2,di,dí
m,谷,2,gu,gǔ
m,昕,2,xin,xīn
m,记,2,ji,jì
m,吾,2,wu,wú
m,嵘,2,rong,róng
m,彰,2,zhang,zhāng
m,赫,2,he,hè
m,伍,2,wu,wǔ
m,溪,2,xi,xī
m,韧,2,ren,rèn
m,曜,2,yao,yào
m,井,2,jing,jǐng
m,懋,2,mao,mào
m,迈,2,mai,mài
m,心,2,xin,xīn
m,述,2,shu,shù
m,骐,2,qi,qí
m,库,2,ku,kù
m,主,2,zhu,zhǔ
m,桐,2,tong,tóng
m,尉,2,wei,wèi
m,汇,2,hui,huì
m,荫,2,yin,yīn
m,鹰,2,ying,yīng
m,尊,2,zun,zūn
m,慈,2,ci,cí
m,午,2,wu,wǔ
m,枢,2,shu,shū
m,号,2,hao,hào
m,聚,2,ju,jù
m,沅,2,yuan,yuán
m,陵,2,ling,líng
m,崎,2,qi,qí
m,省,2,sheng,shěng
m,杭,2,hang,háng
m,昱,2,yu,yù
m,呈,2,cheng,chéng
m,陆,2,lu,lù
m,徽,2,hui,huī
m,端,2,duan,duān
m,参,2,can,cān
m,弼,2,bi,bì
m,略,2,lve,lüè
m,靖,2,jing,jìng
m,童,2,tong,tóng
m,仔,2,zai,zǎi
m,敦,2,dun,dūn
m,象,2,xiang,xiàng
m,霄,2,xiao,xiāo
m,汝,2,ru,rǔ
m,班,2,ban,bān
m,墩,2,dun,dūn
m,封,2,feng,fēng
m,防,2,fang,fáng
m,瑜,2,yu,yú
m,房,2,fang,fáng
m,以,2,yi,yǐ
m,环,2,huan,huán
m,集,2,ji,jí
m,顶,2,ding,dǐng
m,适,2,shi,shì
m,想,2,xiang,xiǎng
m,求,2,qiu,qiú
m,棚,2,peng,péng
m,尘,2,chen,chén
m,垣,2,yuan,yuán
m,醒,2,xing,xǐng
m,歧,2,qi,qí
m,表,2,biao,biǎo
m,泳,2,yong,yǒng
m,位,2,wei,wèi
m,疆,2,jiang,jiāng
m,燮,2,xie,xiè
m,专,2,zhuan,zhuān
m,固,2,gu,gù
m,津,2,jin,jīn
m,洛,2,luo,luò
m,台,2,tai,tái
m,第,2,di,dì
m,祚,2,zuo,zuò
m,棣,2,di,dì
m,骄,2,jiao,jiāo
m,序,2,xu,xù
m,渡,2,du,dù
m,商,2,shang,shāng
m,渭,2,wei,wèi
m,操,2,cao,cāo
m,因,2,yin,yīn
m,祝,2,zhu,zhù
m,曦,2,xi,xī
m,关,2,guan,guān
m,洙,2,zhu,zhū
m,游,2,you,yóu
m,续,2,xu,xù
m,羽,2,yu,yǔ
m,渝,2,yu,yú
m,充,2,chong,chōng
m,爵,2,jue,jué
m,冶,2,ye,yě
m,孚,2,fu,fú
m,许,2,xu,xǔ
m,畅,2,chang,chàng
m,四,2,si,sì
m,铿,2,keng,kēng
m,帝,2,di,dì
m,溥,2,pu,pǔ
m,党,2,dang,dǎng
m,岷,2,min,mín
m,遂,2,sui,suì
m,坊,2,fang,fāng
m,镛,2,yong,yōng
m,璞,2,pu,pú
m,蔚,2,wei,wèi
m,纶,2,lun,lún
m,五,2,wu,wǔ
m,柯,2,ke,kē
m,边,2,bian,biān
m,佶,2,ji,jí
m,舸,2,ge,gě
m,作,2,zuo,zuò
m,夏,2,xia,xià
m,镭,2,lei,léi
m,淞,2,song,sōng
m,罗,2,luo,luó
m,绩,2,ji,jì
m,铉,2,xuan,xuàn
m,猷,2,you,yóu
m,布,2,bu,bù
m,巨,2,ju,jù
m,羊,2,yang,yáng
m,备,2,bei,bèi
m,桦,2,hua,huà
m,由,2,you,yóu
m,孔,2,kong,kǒng
m,铜,2,tong,tóng
m,羲,2,xi,xī
m,羿,2,yi,yì
m,墨,2,mo,mò
m,笠,2,li,lì
m,苍,2,cang,cāng
m,榕,2,rong,róng
m,幸,2,xing,xìng
m,烨,2,ye,yè
m,钱,2,qian,qián
m,赵,2,zhao,zhào
m,机,2,ji,jī
m,儿,2,er,ér
m,协,2,xie,xié
m,忱,2,chen,chén
m,寒,2,han,hán
m,真,2,zhen,zhēn
m,派,2,pai,pài
m,箭,2,jian,jiàn
m,泊,2,po,pō
m,在,2,zai,zài
m,琅,2,lang,láng
m,赋,2,fu,fù
m,皋,2,gao,gāo
m,辅,2,fu,fǔ
m,奉,2,feng,fèng
m,阶,2,jie,jiē
m,苏,2,su,sū
m,瞻,2,zhan,zhān
m,殿,2,dian,diàn
m,效,2,xiao,xiào
m,教,2,jiao,jiào
m,陶,2,tao,táo
m,演,2,yan,yǎn
m,秉,2,bing,bǐng
m,藻,2,zao,zǎo
m,空,2,kong,kōng
m,留,2,liu,liú
m,炉,2,lu,lú
m,旦,2,dan,dàn
m,咸,2,xian,xián
m,栓,2,shuan,shuān
m,擎,2,qing,qíng
m,惟,2,wei,wéi
m,质,2,zhi,zhì
m,瀛,2,ying,yíng
m,贻,2,yi,yí
m,汪,2,wang,wāng
m,愈,2,yu,yù
m,临,2,lin,lín
m,骞,2,qian,qiān
m,逢,2,feng,féng
m,晃,2,huang,huǎng
m,谟,2,mo,mó
m,滋,2,zi,zī
m,祁,2,qi,qí
m,斋,2,zhai,zhāi
m,援,2,yuan,yuán
m,丙,2,bing,bǐng
m,垄,2,long,lǒng
m,式,2,shi,shì
m,后,2,hou,hòu
m,休,2,xiu,xiū
m,著,2,zhu,zhù
m,朱,2,zhu,zhū
m,收,2,shou,shōu
m,期,2,qi,qī
m,邵,2,shao,shào
m,守,2,shou,shǒu
m,体,2,ti,tǐ
m,峪,2,yu,yù
m,域,2,yu,yù
m,无,2,wu,wú
m,玖,2,jiu,jiǔ
m,更,2,geng,gèng
m,境,2,jing,jìng
m,委,2,wei,wěi
m,豫,2,yu,yù
m,枭,2,xiao,xiāo
m,敖,2,ao,áo
m,渤,2,bo,bó
m,鹄,2,gu,gǔ
m,极,2,ji,jí
m,熹,2,xi,xī
m,详,2,xiang,xiáng
m,界,2,jie,jiè
m,讯,2,xun,xùn
m,濂,2,lian,lián
m,乔,2,qiao,qiáo
m,宫,2,gong,gōng
m,彩,2,cai,cǎi
m,精,2,jing,jīng
m,乃,2,nai,nǎi
m,嗣,2,si,sì
m,严,2,yan,yán
m,载,2,zai,zài
m,赤,2,chi,chì
m,古,2,gu,gǔ
m,居,2,ju,jū
m,翱,2,ao,áo
m,涯,2,ya,yá
m,六,2,liu,liù
m,冈,2,gang,gāng
m,葆,2,bao,bǎo
m,现,2,xian,xiàn
m,步,2,bu,bù
m,陈,2,chen,chén
m,阅,2,yue,yuè
m,樟,2,zhang,zhāng
m,伸,2,shen,shēn
m,骋,2,cheng,chěng
m,际,2,ji,jì
m,状,2,zhuang,zhuàng
m,恪,2,ke,kè
m,迎,2,ying,yíng
m,灼,2,zhuo,zhuó
m,晔,2,ye,yè
m,笙,2,sheng,shēng
m,仿,2,fang,fǎng
m,横,2,heng,héng
m,闽,2,min,mǐn
m,烜,2,xuan,xuǎn
m,亲,2,qin,qīn
m,拯,2,zheng,zhěng
m,谱,2,pu,pǔ
m,遵,2,zun,zūn
m,致,2,zhi,zhì
m,速,2,su,sù
m,潭,2,tan,tán
m,积,2,ji,jī
m,宠,2,chong,chǒng
m,柳,2,liu,liǔ
m,身,2,shen,shēn
m,葵,2,kui,kuí
m,叙,2,xu,xù
m,左,2,zuo,zuǒ
m,分,2,fen,fēn
m,符,2,fu,fú
m,葛,2,ge,gé
m,涧,2,jian,jiàn
m,楚,2,chu,chǔ
m,誉,2,yu,yù
m,至,2,zhi,zhì
m,盘,2,pan,pán
m,循,2,xun,xún
m,炽,2,chi,chì
m,郭,2,guo,guō
m,竣,2,jun,jùn
m,落,2,luo,luò
m,养,2,yang,yǎng
m,坝,2,ba,bà
m,搏,2,bo,bó
m,圳,2,zhen,zhèn
m,虞,2,yu,yú
m,珩,2,hang,háng
m,提,2,ti,tí
m,乙,2,yi,yǐ
m,遇,2,yu,yù
m,辽,2,liao,liáo
m,焯,2,chao,chāo
m,乘,2,cheng,chéng
m,曹,2,cao,cáo
m,汗,2,han,hàn
m,过,2,guo,guò
m,匡,2,kuang,kuāng
m,绵,2,mian,mián
m,鳌,2,ao,áo
m,解,2,jie,jiě
m,府,2,fu,fǔ
m,电,2,dian,diàn
m,镐,2,gao,gǎo
m,户,2,hu,hù
m,弥,2,mi,mí
m,崖,2,ya,yá
m,辛,2,xin,xīn
m,旋,2,xuan,xuán
m,易,2,yi,yì
m,尤,2,you,yóu
m,持,2,chi,chí
m,狮,2,shi,shī
m,祜,2,hu,hù
m,荪,2,sun,sūn
m,轶,2,yi,yì
m,从,2,cong,cóng
m,衣,2,yi,yī
m,巩,2,gong,gǒng
m,动,2,dong,dòng
m,肇,2,zhao,zhào
m,融,2,rong,róng
m,盖,2,gai,gài
m,泾,2,jing,jīng
m,丕,2,pi,pī
m,荐,2,jian,jiàn
m,梓,2,zi,zǐ
m,焘,2,dao,dào
m,沂,2,yi,yí
m,懿,2,yi,yì
m,洞,2,dong,dòng
m,傅,2,fu,fù
m,慰,2,wei,wèi
m,铠,2,kai,kǎi
m,论,2,lun,lùn
m,洽,2,qia,qià
m,悌,2,ti,tì
m,造,2,zao,zào
m,计,2,ji,jì
m,喆,2,zhe,zhé
m,娃,2,wa,wá
m,荆,2,jing,jīng
m,敢,2,gan,gǎn
m,鄂,2,e,è
m,轮,2,lun,lún
m,激,2,ji,jī
m,骧,2,xiang,xiāng
m,必,2,bi,bì
m,畴,2,chou,chóu
m,牧,2,mu,mù
m,浙,2,zhe,zhè
m,百,2,bai,bǎi
m,温,2,wen,wēn
m,溯,2,su,sù
m,锵,2,qiang,qiāng
m,巴,2,ba,bā
m,滕,2,teng,téng
m,交,2,jiao,jiāo
m,角,2,jiao,jiǎo
m,笃,2,du,dǔ
m,忌,2,ji,jì
m,茁,2,zhuo,zhuó
m,銮,2,luan,luán
m,贯,2,guan,guàn
m,肯,2,ken,kěn
m,粮,2,liang,liáng
m,门,2,men,mén
m,器,2,qi,qì
m,站,2,zhan,zhàn
m,蒙,2,meng,méng
m,秦,2,qin,qín
m,工,2,gong,gōng
m,峙,2,zhi,zhì
m,恢,2,hui,huī
m,峥,2,zheng,zhēng
m,寨,2,zhai,zhài
m,涵,2,han,hán
m,邻,2,lin,lín
m,渔,2,yu,yú
m,贡,2,gong,gòng
m,随,2,sui,suí
m,旌,2,jing,jīng
m,璜,2,huang,huáng
m,泗,2,si,sì
m,席,2,xi,xí
m,灯,2,deng,dēng
m,冉,2,ran,rǎn
m,率,2,lv,lǜ
m,睦,2,mu,mù
m,虔,2,qian,qián
m,庶,2,shu,shù
m,旻,2,min,mín
m,坪,2,ping,píng
m,悟,2,wu,wù
m,己,2,ji,jǐ
m,珉,2,min,mín
m,草,2,cao,cǎo
m,弓,2,gong,gōng
m,代,2,dai,dài
m,季,2,ji,jì
m,圻,2,qi,qí
m,劭,2,shao,shào
m,晏,2,yan,yàn
m,助,2,zhu,zhù
m,注,2,zhu,zhù
m,樵,2,qiao,qiáo
m,芽,2,ya,yá
m,仰,2,yang,yǎng
m,溢,2,yi,yì
m,卯,2,mao,mǎo
m,麻,2,ma,má
m,史,2,shi,shǐ
m,镒,2,yi,yì
m,朕,2,zhen,zhèn
m,绥,2,sui,suí
m,畏,2,wei,wèi
m,资,2,zi,zī
m,磐,2,pan,pán
m,寺,2,si,sì
m,栎,2,li,lì
m,迁,2,qian,qiān
m,甸,2,dian,diān
m,侨,2,qiao,qiáo
m,沣,2,feng,fēng
m,顾,2,gu,gù
m,毫,2,hao,háo
m,考,2,kao,kǎo
m,就,2,jiu,jiù
m,汐,2,xi,xī
m,翊,2,yi,yì
m,煦,2,xu,xù
m,裔,2,yi,yì
m,沪,2,hu,hù
m,绅,2,shen,shēn
m,径,2,jing,jìng
m,宰,2,zai,zǎi
m,珂,2,ke,kē
m,壹,2,yi,yī
m,渐,2,jian,jiàn
m,耐,2,nai,nài
m,宴,2,yan,yàn
m,难,2,nan,nán
m,荃,2,quan,quán
m,几,2,ji,jǐ
m,阜,2,fu,fù
m,近,2,jin,jìn
m,链,2,lian,liàn
m,异,2,yi,yì
m,纵,2,zong,zòng
m,遐,2,xia,xiá
m,禾,2,he,hé
m,目,2,mu,mù
m,刃,2,ren,rèn
m,窑,2,yao,yáo
m,堪,2,kan,kān
m,马,2,ma,mǎ
m,熏,2,xun,xūn
m,荡,2,dang,dàng
m,梧,2,wu,wú
m,堡,2,bao,bǎo
m,励,2,li,lì
m,琮,2,cong,cóng
m,舫,2,fang,fǎng
m,赣,2,gan,gàn
m,告,2,gao,gào
m,龚,2,gong,gōng
m,隽,2,juan,juàn
m,珑,2,long,lóng
m,旅,2,lv,lǚ
m,杞,2,qi,qǐ
m,务,2,wu,wù
m,汤,2,tang,tāng
m,厅,2,ting,tīng
m,概,2,gai,gài
m,壁,2,bi,bì
m,护,2,hu,hù
m,岱,2,dai,dài
m,蒋,2,jiang,jiǎng
m,垠,2,yin,yín
m,若,2,ruo,ruò
m,脉,2,mai,mài
m,整,2,zheng,zhěng
m,轲,2,ke,kē
m,御,2,yu,yù
m,毓,2,yu,yù
m,何,2,he,hé
m,简,2,jian,jiǎn
m,彝,2,yi,yí
m,上,2,shang,shàng
m,命,2,ming,mìng
m,郁,2,yu,yù
m,格,2,ge,gé
m,奈,2,nai,nài
m,堤,2,di,dī
m,珲,2,hui,huī
m,燎,2,liao,liáo
m,潘,2,pan,pān
m,皇,2,huang,huáng
m,祈,2,qi,qí
m,曰,2,yue,yuē
m,巡,2,xun,xún
m,项,2,xiang,xiàng
m,沧,2,cang,cāng
m,践,2,jian,jiàn
m,塔,2,ta,tǎ
m,要,2,yao,yào
m,燊,2,shen,shēn
m,再,2,zai,zài
m,住,2,zhu,zhù
m,服,2,fu,fú
m,船,2,chuan,chuán
m,辑,2,ji,jí
m,驷,2,si,sì
m,笔,2,bi,bǐ
m,铂,2,bo,bó
m,屯,2,tun,tún
m,佛,2,fu,fú
m,优,2,you,yōu
m,杉,2,shan,shān
m,报,2,bao,bào
m,词,2,ci,cí
m,夺,2,duo,duó
m,管,2,guan,guǎn
m,榆,2,yu,yú
m,快,2,kuai,kuài
m,庞,2,pang,páng
m,柄,2,bing,bǐng
m,宋,2,song,sòng
m,多,2,duo,duō
m,术,2,shu,shù
m,宿,2,su,sù
m,须,2,xu,xū
m,拥,2,yong,yōng
m,红,2,hong,hóng
m,聿,2,yu,yù
m,产,2,chan,chǎn
m,颐,2,yi,yí
m,琢,2,zuo,zuó
m,今,2,jin,jīn
m,移,2,yi,yí
m,七,2,qi,qī
m,技,2,ji,jì
m,桑,2,sang,sāng
m,扩,2,kuo,kuò
m,粟,2,su,sù
m,汶,2,wen,wèn
m,挥,2,hui,huī
m,莘,2,shen,shēn
m,执,2,zhi,zhí
m,研,2,yan,yán
m,旬,2,xun,xún
m,监,2,jian,jiān
m,欧,2,ou,ōu
m,忍,2,ren,rěn
m,二,2,er,èr
m,系,2,xi,xì
m,攸,2,you,yōu
m,右,2,you,yòu
m,骝,2,liu,liú
m,淇,2,qi,qí
m,沃,2,wo,wò
m,漠,2,mo,mò
m,朔,2,shuo,shuò
m,黄,2,huang,huáng
m,坛,2,tan,tán
m,棉,2,mian,mián
m,钿,2,dian,diàn
m,奖,2,jiang,jiǎng
m,稼,2,jia,jià
m,赏,2,shang,shǎng
m,车,2,che,chē
m,穆,2,mu,mù
m,韦,2,wei,wéi
m,首,2,shou,shǒu
m,汀,2,ting,tīng
m,肃,2,su,sù
m,族,2,zu,zú
m,及,2,ji,jí
m,伏,2,fu,fú
m,接,2,jie,jiē
m,黔,2,qian,qián
m,圭,2,gui,guī
m,综,2,zong,zōng
m,灶,2,zao,zào
m,衷,2,zhong,zhōng
m,赖,2,lai,lài
m,老,2,lao,lǎo
m,拴,2,shuan,shuān
m,骑,2,qi,qí
m,昔,2,xi,xī
m,矿,2,kuang,kuàng
m,问,2,wen,wèn
m,映,2,ying,yìng
m,谨,2,jin,jǐn
m,称,2,cheng,chēng
m,霍,2,huo,huò
m,闵,2,min,mǐn
m,澜,2,lan,lán
m,响,2,xiang,xiǎng
m,藏,2,cang,cáng
m,霁,2,ji,jì
m,规,2,gui,guī
m,粹,2,cui,cuì
m,洵,2,xun,xún
m,谅,2,liang,liàng
m,戎,2,rong,róng
m,韩,2,han,hán
m,妙,2,miao,miào
m,奕,2,yi,yì
m,翁,2,weng,wēng
m,诏,2,zhao,zhào
m,夷,2,yi,yí
m,议,2,yi,yì
m,督,2,du,dū
m,怿,2,yi,yì
m,诒,2,yi,yí
m,扶,2,fu,fú
m,自,2,zi,zì
m,泮,2,pan,pàn
m,沿,2,yan,yán
m,习,2,xi,xí
m,崴,2,wai,wǎi
m,杲,2,gao,gǎo
m,绳,2,sheng,shéng
m,圃,2,pu,pǔ
m,楫,2,ji,jí
m,艇,2,ting,tǐng
m,郡,2,jun,jùn
m,骆,2,luo,luò
m,鹿,2,lu,lù
m,李,2,li,lǐ
m,祠,2,ci,cí
m,耘,2,yun,yún
m,还,2,hai,hái
m,璧,2,bi,bì
m,伙,2,huo,huǒ
m,取,2,qu,qǔ
m,什,2,shen,shén
m,是,2,shi,shì
m,稷,2,ji,jì
m,屋,2,wu,wū
m,隐,2,yin,yǐn
m,识,2,shi,shí
m,厦,2,sha,shà
m,钏,2,chuan,chuàn
m,濮,2,pu,pú
m,爽,2,shuang,shuǎng
m,译,2,yi,yì
m,停,2,ting,tíng
m,证,2,zheng,zhèng
m,拔,2,ba,bá
m,院,2,yuan,yuàn
m,支,2,zhi,zhī
m,企,2,qi,qǐ
m,犀,2,xi,xī
m,菘,2,song,sōng
m,兹,2,zi,zī
m,宅,2,zhai,zhái
m,皆,2,jie,jiē
m,秩,2,zhi,zhì
m,铄,2,shuo,shuò
m,职,2,zhi,zhí
m,种,2,zhong,zhǒng
m,八,2,ba,bā
m,盟,2,meng,méng
m,兔,2,tu,tù
m,牙,2,ya,yá
m,魏,2,wei,wèi
m,去,2,qu,qù
m,铧,2,hua,huá
m,仪,2,yi,yí
m,锜,2,qi,qí
m,评,2,ping,píng
m,佰,2,bai,bǎi
m,焜,2,kun,kūn
m,萌,2,meng,méng
m,共,2,gong,gòng
m,员,2,yuan,yuán
m,咏,2,yong,yǒng
m,足,2,zu,zú
m,米,2,mi,mǐ
m,笋,2,sun,sǔn
m,默,2,mo,mò
m,昀,2,yun,yún
m,愉,2,yu,yú
m,鼐,2,nai,nài
m,庵,2,an,ān
m,倬,2,zhuo,zhuō
m,戚,2,qi,qī
m,镔,2,bin,bīn
m,墀,2,chi,chí
m,惊,2,jing,jīng
m,翥,2,zhu,zhù
m,冕,2,mian,miǎn
m,庐,2,lu,lú
m,铣,2,xi,xǐ
m,竞,2,jing,jìng
m,岛,2,dao,dǎo
m,区,2,qu,qū
m,鱼,2,yu,yú
m,沐,2,mu,mù
m,瓒,2,zan,zàn
m,包,2,bao,bāo
m,谕,2,yu,yù
m,绰,2,chuo,chuò
m,霸,2,ba,bà
m,迟,2,chi,chí
m,溟,2,ming,míng
m,叔,2,shu,shū
m,彻,2,che,chè
m,未,2,wei,wèi
m,密,2,mi,mì
m,俞,2,yu,yú
m,蜀,2,shu,shǔ
m,栩,2,xu,xǔ
m,莱,2,lai,lái
m,而,2,er,ér
m,仟,2,qian,qiān
m,遥,2,yao,yáo
m,丘,2,qiu,qiū
m,蒲,2,pu,pú
m,郝,2,hao,hǎo
m,绶,2,shou,shòu
m,墉,2,yong,yōng
m,蕃,2,fan,fān
m,盾,2,dun,dùn
m,途,2,tu,tú
m,归,2,gui,guī
m,聘,2,pin,pìn
m,样,2,yang,yàng
m,事,2,shi,shì
m,邈,2,miao,miǎo
m,淘,2,tao,táo
m,暖,2,nuan,nuǎn
m,揆,2,kui,kuí
m,县,2,xian,xiàn
m,享,2,xiang,xiǎng
m,覃,2,tan,tán
m,庠,2,xiang,xiáng
m,十,2,shi,shí
m,储,2,chu,chǔ
m,劳,2,lao,láo
m,邺,2,ye,yè
m,总,2,zong,zǒng
m,头,2,tou,tóu
m,戬,2,jian,jiǎn
m,佟,2,tong,tóng
m,镝,2,di,dī
m,胥,2,xu,xū
m,琰,2,yan,yǎn
m,峤,2,jiao,jiào
m,眼,2,yan,yǎn
m,贝,2,bei,bèi
m,膺,2,ying,yīng
m,霈,2,pei,pèi
m,所,2,suo,suǒ
m,浔,2,xun,xún
m,炀,2,yang,yáng
m,悦,2,yue,yuè
m,襄,2,xiang,xiāng
m,旸,2,yang,yáng
m,诗,2,shi,shī
m,耳,2,er,ěr
m,询,2,xun,xún
m,饶,2,rao,ráo
m,卜,2,bo,bo
m,岑,2,cen,cén
m,捍,2,han,hàn
m,歌,2,ge,gē
m,围,2,wei,wéi
m,采,2,cai,cǎi
m,虚,2,xu,xū
m,赢,2,ying,yíng
m,桃,2,tao,táo
m,构,2,gou,gòu
m,客,2,ke,kè
m,顿,2,dun,dùn
m,奥,2,ao,ào
m,骢,2,cong,cōng
m,董,2,dong,dǒng
m,钺,2,yue,yuè
m,慕,2,mu,mù
m,庙,2,miao,miào
m,锷,2,e,è
m,弛,2,chi,chí
m,撒,2,sa,sā
m,示,2,shi,shì
m,舒,2,shu,shū
m,苇,2,wei,wěi
m,拉,2,la,lā
m,掌,2,zhang,zhǎng
m,赟,2,yun,yūn
m,筑,2,zhu,zhù
m,套,2,tao,tào
m,倪,2,ni,ní
m,听,2,ting,tīng
m,弋,2,yi,yì
m,岁,2,sui,suì
m,兢,2,jing,jīng
m,尼,2,ni,ní
m,榛,2,zhen,zhēn
m,邱,2,qiu,qiū
m,斐,2,fei,fěi
m,鳞,2,lin,lín
m,勖,2,xu,xù
m,离,2,li,lí
m,砺,2,li,lì
m,衔,2,xian,xián
m,箫,2,xiao,xiāo
m,场,2,chang,chǎng
m,履,2,lv,lǚ
m,腊,2,la,là
m,束,2,shu,shù
m,汾,2,fen,fén
m,凉,2,liang,liáng
m,呼,2,hu,hū
m,粱,2,liang,liáng
m,钻,2,zuan,zuān
m,烁,2,shuo,shuò
m,择,2,ze,zé
m,察,2,cha,chá
m,峦,2,luan,luán
m,浴,2,yu,yù
m,忻,2,xin,xīn
m,沫,2,mo,mò
m,甬,2,yong,yǒng
m,赛,2,sai,sài
m,垂,2,chui,chuí
m,活,2,huo,huó
m,侗,2,dong,dòng
m,塬,2,yuan,yuán
m,检,2,jian,jiǎn
m,扣,2,kou,kòu
m,澈,2,che,chè
m,性,2,xing,xìng
m,裘,2,qiu,qiú
m,傲,2,ao,ào
m,缘,2,yuan,yuán
m,逍,2,xiao,xiāo
m,闳,2,hong,hóng
m,闰,2,run,rùn
m,秘,2,mi,mì
m,殷,2,yin,yīn
m,字,2,zi,zì
m,排,2,pai,pái
m,卷,2,juan,juǎn
m,毕,2,bi,bì
m,塘,2,tang,táng
m,祎,2,yi,yī
m,诸,2,zhu,zhū
m,箴,2,zhen,zhēn
m,秒,2,miao,miǎo
m,芦,2,lu,lú
m,唯,2,wei,wéi
m,琏,2,lian,liǎn
m,砚,2,yan,yàn
m,爱,2,ai,ài
m,铃,2,ling,líng
m,卡,2,ka,kǎ
m,候,2,hou,hòu
m,诺,2,nuo,nuò
m,少,2,shao,shǎo
m,巽,2,xun,xùn
m,蔺,2,lin,lìn
m,弦,2,xian,xián
m,店,2,dian,diàn
m,浜,2,bang,bāng
m,犁,2,li,lí
m,乡,2,xiang,xiāng
m,涉,2,she,shè
m,约,2,yue,yuē
m,鲸,2,jing,jīng
m,茅,2,mao,máo
m,寂,2,ji,jì
m,颜,2,yan,yán
m,针,2,zhen,zhēn
m,鸥,2,ou,ōu
m,邑,2,yi,yì
m,瓦,2,wa,wǎ
m,屿,2,yu,yǔ
m,麓,2,lu,lù
m,绎,2,yi,yì
m,胄,2,zhou,zhòu
m,谌,2,chen,chén
m,鋆,2,yun,yún
m,阵,2,zhen,zhèn
m,亢,2,kang,kàng
m,袭,2,xi,xí
m,楹,2,ying,yíng
m,阿,2,a,ā
m,萨,2,sa,sà
m,吴,2,wu,wú
m,於,2,yu,yú
m,缪,2,mou,móu
m,预,2,yu,yù
m,姚,2,yao,yáo
m,辞,2,ci,cí
m,晰,2,xi,xī
m,抗,2,kang,kàng
m,气,2,qi,qì
m,汛,2,xun,xùn
m,情,2,qing,qíng
m,跳,2,tiao,tiào
m,杜,2,du,dù
m,穹,2,qiong,qióng
m,引,2,yin,yǐn
m,瑚,2,hu,hú
m,矩,2,ju,jǔ
m,奂,2,huan,huàn
m,缙,2,jin,jìn
m,夔,2,kui,kuí
m,荀,2,xun,xún
m,晚,2,wan,wǎn
m,圩,2,wei,wéi
m,丫,2,ya,yā
m,早,2,zao,zǎo
m,晗,2,han,hán
m,汕,2,shan,shàn
m,罕,2,han,hǎn
m,烛,2,zhu,zhú
m,昉,2,fang,fǎng
m,沆,2,hang,hàng
m,凰,2,huang,huáng
m,芾,2,fei,fèi
m,带,2,dai,dài
m,幼,2,you,yòu
m,绛,2,jiang,jiàng
m,梵,2,fan,fàn
m,赓,2,geng,gēng
m,司,2,si,sī
m,刀,2,dao,dāo
m,忧,2,you,yōu
m,蜂,2,feng,fēng
m,炅,2,jiong,jiǒng
m,圈,2,quan,quān
m,努,2,nu,nǔ
m,陇,2,long,lǒng
m,绫,2,ling,líng
m,黑,2,hei,hēi
m,蔡,2,cai,cài
m,粤,2,yue,yuè
m,锰,2,meng,měng
m,苗,2,miao,miáo
m,卢,2,lu,lú
m,戟,2,ji,jǐ
m,浮,2,fu,fú
m,予,2,yu,yǔ
m,唱,2,chang,chàng
m,敷,2,fu,fū
m,吕,2,lv,lǚ
m,霭,2,ai,ǎi
m,葳,2,wei,wēi
m,淋,2,lin,lín
m,谢,2,xie,xiè
m,椒,2,jiao,jiāo
m,琇,2,xiu,xiù
m,艮,2,gen,gěn
m,轼,2,shi,shì
m,谭,2,tan,tán
m,沈,2,shen,shěn
m,惠,2,hui,huì
m,郊,2,jiao,jiāo
m,艾,2,ai,ài
m,珣,2,xun,xún
m,斯,2,si,sī
m,语,2,yu,yǔ
m,讷,2,ne,nè
m,月,2,yue,yuè
m,郢,2,ying,yǐng
m,斓,2,lan,lán
m,燃,2,ran,rán
m,亦,2,yi,yì
m,碧,2,bi,bì
m,邢,2,xing,xíng
m,墙,2,qiang,qiáng
m,皮,2,pi,pí
m,据,2,ju,jù
m,岫,2,xiu,xiù
m,珀,2,po,pò
m,殊,2,shu,shū
m,托,2,tuo,tuō
m,彧,2,yu,yù
m,峡,2,xia,xiá
m,萧,2,xiao,xiāo
m,穗,2,sui,suì
m,颀,2,qi,qí
m,濠,2,hao,háo
m,禅,2,chan,chán
m,诠,2,quan,quán
m,薰,2,xun,xūn
m,恂,2,xun,xún
m,俨,2,yan,yǎn
m,鎏,2,liu,liú
m,潇,2,xiao,xiāo
m,感,2,gan,gǎn
m,巢,2,chao,cháo
m,拙,2,zhuo,zhuō
m,函,2,han,hán
m,危,2,wei,wēi
m,袁,2,yuan,yuán
m,琥,2,hu,hǔ
m,牵,2,qian,qiān
m,者,2,zhe,zhě
m,粲,2,can,càn
m,瑟,2,se,sè
m,谈,2,tan,tán
m,徐,2,xu,xú
m,熔,2,rong,róng
m,暄,2,xuan,xuān
m,思,2,si,sī
m,勰,2,xie,xié
m,栗,2,li,lì
m,点,2,dian,diǎn
m,勒,2,lei,lēi
m,甘,2,gan,gān
f,晓,1,xiao,xiǎo
f,丽,1,li,lì
f,玉,1,yu,yù
f,秀,1,xiu,xiù
f,春,1,chun,chūn
f,文,1,wen,wén
f,艳,1,yan,yàn
f,雪,1,xue,xuě
f,美,1,mei,měi
f,淑,1,shu,shū
f,红,1,hong,hóng
f,佳,1,jia,jiā
f,海,1,hai,hǎi
f,慧,1,hui,huì
f,亚,1,ya,yà
f,桂,1,gui,guì
f,金,1,jin,jīn
f,燕,1,yan,yàn
f,梦,1,meng,mèng
f,凤,1,feng,fèng
f,秋,1,qiu,qiū
f,雅,1,ya,yǎ
f,爱,1,ai,ài
f,素,1,su,sù
f,惠,1,hui,huì
f,静,1,jing,jìng
f,翠,1,cui,cuì
f,月,1,yue,yuè
f,思,1,si,sī
f,彩,1,cai,cǎi
f,明,1,ming,míng
f,雨,1,yu,yǔ
f,瑞,1,rui,ruì
f,丹,1,dan,dān
f,云,1,yun,yún
f,玲,1,ling,líng
f,敏,1,min,mǐn
f,建,1,jian,jiàn
f,志,1,zhi,zhì
f,冬,1,dong,dōng
f,莉,1,li,lì
f,兰,1,lan,lán
f,巧,1,qiao,qiǎo
f,永,1,yong,yǒng
f,少,1,shao,shǎo
f,子,1,zi,zi
f,芳,1,fang,fāng
f,梅,1,mei,méi
f,国,1,guo,guó
f,欣,1,xin,xīn
f,佩,1,pei,pèi
f,华,1,hua,huá
f,利,1,li,lì
f,新,1,xin,xīn
f,青,1,qing,qīng
f,洁,1,jie,jié
f,嘉,1,jia,jiā
f,俊,1,jun,jùn
f,碧,1,bi,bì
f,颖,1,ying,yǐng
f,倩,1,qian,qiàn
f,宝,1,bao,bǎo
f,银,1,yin,yín
f,菊,1,ju,jú
f,世,1,shi,shì
f,婉,1,wan,wǎn
f,英,1,ying,yīng
f,怡,1,yi,yí
f,琳,1,lin,lín
f,林,1,lin,lín
f,香,1,xiang,xiāng
f,冰,1,bing,bīng
f,伟,1,wei,wěi
f,雯,1,wen,wén
f,庆,1,qing,qìng
f,琼,1,qiong,qióng
f,清,1,qing,qīng
f,珍,1,zhen,zhēn
f,会,1,hui,huì
f,娟,1,juan,juān
f,立,1,li,lì
f,晶,1,jing,jīng
f,德,1,de,dé
f,若,1,ruo,ruò
f,婷,1,ting,tíng
f,学,1,xue,xué
f,艺,1,yi,yì
f,诗,1,shi,shī
f,洪,1,hong,hóng
f,灵,1,ling,líng
f,莹,1,ying,yíng
f,紫,1,zi,zǐ
f,水,1,shui,shuǐ
f,露,1,lu,lù
f,曼,1,man,màn
f,群,1,qun,qún
f,锦,1,jin,jǐn
f,一,1,yi,yī
f,琴,1,qin,qín
f,璐,1,lu,lù
f,东,1,dong,dōng
f,媛,1,yuan,yuàn
f,婧,1,jing,jìng
f,家,1,jia,jiā
f,君,1,jun,jūn
f,风,1,feng,fēng
f,莲,1,lian,lián
f,笑,1,xiao,xiào
f,维,1,wei,wéi
f,娜,1,na,nà
f,珊,1,shan,shān
f,萍,1,ping,píng
f,苏,1,su,sū
f,双,1,shuang,shuāng
f,荣,1,rong,róng
f,柳,1,liu,liǔ
f,依,1,yi,yī
f,书,1,shu,shū
f,菲,1,fei,fēi
f,霞,1,xia,xiá
f,赛,1,sai,sài
f,彦,1,yan,yàn
f,舒,1,shu,shū
f,宇,1,yu,yǔ
f,娇,1,jiao,jiāo
f,正,1,zheng,zhèng
f,蓉,1,rong,róng
f,天,1,tian,tiān
f,成,1,cheng,chéng
f,仙,1,xian,xiān
f,妍,1,yan,yán
f,园,1,yuan,yuán
f,安,1,an,ān
f,连,1,lian,lián
f,馨,1,xin,xīn
f,钰,1,yu,yù
f,欢,1,huan,huān
f,长,1,zhang,zhǎng
f,湘,1,xiang,xiāng
f,薇,1,wei,wēi
f,楚,1,chu,chǔ
f,玮,1,wei,wěi
f,黎,1,li,lí
f,琪,1,qi,qí
f,凌,1,ling,líng
f,真,1,zhen,zhēn
f,继,1,ji,jì
f,芬,1,fen,fēn
f,卫,1,wei,wèi
f,福,1,fu,fú
f,茜,1,qian,qiàn
f,培,1,pei,péi
f,瑶,1,yao,yáo
f,悦,1,yue,yuè
f,旭,1,xu,xù
f,微,1,wei,wēi
f,心,1,xin,xīn
f,光,1,guang,guāng
f,细,1,xi,xì
f,贵,1,gui,guì
f,莎,1,sha,shā
f,筱,1,xiao,xiǎo
f,夏,1,xia,xià
f,兴,1,xing,xīng
f,楠,1,nan,nán
f,喜,1,xi,xǐ
f,江,1,jiang,jiāng
f,蓓,1,bei,bèi
f,景,1,jing,jǐng
f,娅,1,ya,yà
f,忠,1,zhong,zhōng
f,虹,1,hong,hóng
f,妙,1,miao,miào
f,树,1,shu,shù
f,蕾,1,lei,lěi
f,元,1,yuan,yuán
f,妮,1,ni,nī
f,昕,1,xin,xīn
f,苗,1,miao,miáo
f,竹,1,zhu,zhú
f,潇,1,xiao,xiāo
f,飞,1,fei,fēi
f,琦,1,qi,qí
f,姗,1,shan,shān
f,芸,1,yun,yún
f,智,1,zhi,zhì
f,花,1,hua,huā
f,容,1,rong,róng
f,聪,1,cong,cōng
f,晴,1,qing,qíng
f,盈,1,ying,yíng
f,如,1,ru,rú
f,圆,1,yuan,yuán
f,晨,1,chen,chén
f,可,1,ke,kě
f,菁,1,jing,jīng
f,贝,1,bei,bèi
f,叶,1,ye,yè
f,朋,1,peng,péng
f,韵,1,yun,yùn
f,芝,1,zhi,zhī
f,瑜,1,yu,yú
f,广,1,guang,guǎng
f,肖,1,xiao,xiào
f,杏,1,xing,xìng
f,咏,1,yong,yǒng
f,蒙,1,meng,méng
f,振,1,zhen,zhèn
f,映,1,ying,yìng
f,盼,1,pan,pàn
f,剑,1,jian,jiàn
f,伊,1,yi,yī
f,甜,1,tian,tián
f,军,1,jun,jūn
f,传,1,chuan,chuán
f,宏,1,hong,hóng
f,迎,1,ying,yíng
f,芷,1,zhi,zhǐ
f,大,1,da,dà
f,朝,1,chao,cháo
f,方,1,fang,fāng
f,彤,1,tong,tóng
f,羽,1,yu,yǔ
f,凯,1,kai,kǎi
f,满,1,man,mǎn
f,萌,1,meng,méng
f,瑛,1,ying,yīng
f,蔚,1,wei,wèi
f,蕊,1,rui,ruǐ
f,绍,1,shao,shào
f,沙,1,sha,shā
f,泽,1,ze,zé
f,士,1,shi,shì
f,寒,1,han,hán
f,亭,1,ting,tíng
f,瑾,1,jin,jǐn
f,桃,1,tao,táo
f,然,1,ran,rán
f,友,1,you,yǒu
f,姝,1,shu,shū
f,宗,1,zong,zōng
f,良,1,liang,liáng
f,先,1,xian,xiān
f,茹,1,ru,rú
f,绮,1,qi,qǐ
f,岚,1,lan,lán
f,白,1,bai,bái
f,影,1,ying,yǐng
f,姣,1,jiao,jiāo
f,祥,1,xiang,xiáng
f,远,1,yuan,yuǎn
f,斐,1,fei,fěi
f,奕,1,yi,yì
f,延,1,yan,yán
f,爽,1,shuang,shuǎng
f,祖,1,zu,zǔ
f,润,1,run,rùn
f,中,1,zhong,zhōng
f,兆,1,zhao,zhào
f,璇,1,xuan,xuán
f,卓,1,zhuo,zhuó
f,开,1,kai,kāi
f,涵,1,han,hán
f,珂,1,ke,kē
f,昌,1,chang,chāng
f,启,1,qi,qǐ
f,婵,1,chan,chán
f,婕,1,jie,jié
f,顺,1,shun,shùn
f,龙,1,long,lóng
f,仁,1,ren,rén
f,胜,1,sheng,shèng
f,芹,1,qin,qín
f,吉,1,ji,jí
f,阿,1,a,ā
f,果,1,guo,guǒ
f,三,1,san,sān
f,斯,1,si,sī
f,鸿,1,hong,hóng
f,万,1,wan,wàn
f,曦,1,xi,xī
f,平,1,ping,píng
f,孟,1,meng,mèng
f,艾,1,ai,ài
f,珠,1,zhu,zhū
f,玥,1,yue,yuè
f,运,1,yun,yùn
f,孝,1,xiao,xiào
f,超,1,chao,chāo
f,松,1,song,sōng
f,卉,1,hui,huì
f,靖,1,jing,jìng
f,逸,1,yi,yì
f,焕,1,huan,huàn
f,义,1,yi,yì
f,育,1,yu,yù
f,霜,1,shuang,shuāng
f,梓,1,zi,zǐ
f,荷,1,he,hé
f,琛,1,chen,chēn
f,改,1,gai,gǎi
f,靓,1,jing,jìng
f,健,1,jian,jiàn
f,冉,1,ran,rǎn
f,乐,1,le,lè
f,铃,1,ling,líng
f,希,1,xi,xī
f,懿,1,yi,yì
f,宁,1,ning,níng
f,茂,1,mao,mào
f,贞,1,zhen,zhēn
f,茵,1,yin,yīn
f,克,1,ke,kè
f,京,1,jing,jīng
f,语,1,yu,yǔ
f,其,1,qi,qí
f,向,1,xiang,xiàng
f,贤,1,xian,xián
f,幼,1,you,yòu
f,阳,1,yang,yáng
f,益,1,yi,yì
f,有,1,you,yǒu
f,二,1,er,èr
f,沁,1,qin,qìn
f,圣,1,sheng,shèng
f,敬,1,jing,jìng
f,榕,1,rong,róng
f,俐,1,li,lì
f,晗,1,han,hán
f,代,1,dai,dài
f,玫,1,mei,méi
f,毓,1,yu,yù
f,琰,1,yan,yǎn
f,蕴,1,yun,yùn
f,怀,1,huai,huái
f,木,1,mu,mù
f,媚,1,mei,mèi
f,腊,1,la,là
f,李,1,li,lǐ
f,樱,1,ying,yīng
f,星,1,xing,xīng
f,苑,1,yuan,yuàn
f,歌,1,ge,gē
f,富,1,fu,fù
f,仕,1,shi,shì
f,伶,1,ling,líng
f,西,1,xi,xī
f,音,1,yin,yīn
f,蓝,1,lan,lán
f,莺,1,ying,yīng
f,嫣,1,yan,yān
f,娴,1,xian,xián
f,亦,1,yi,yì
f,格,1,ge,gé
f,珏,1,jue,jué
f,观,1,guan,guān
f,鑫,1,xin,xīn
f,忆,1,yi,yì
f,应,1,ying,yīng
f,慕,1,mu,mù
f,漫,1,man,màn
f,根,1,gen,gēn
f,招,1,zhao,zhāo
f,日,1,ri,rì
f,汝,1,ru,rǔ
f,久,1,jiu,jiǔ
f,恩,1,en,ēn
f,道,1,dao,dào
f,萱,1,xuan,xuān
f,全,1,quan,quán
f,恬,1,tian,tián
f,含,1,han,hán
f,廷,1,ting,tíng
f,锡,1,xi,xī
f,滢,1,ying,yíng
f,雁,1,yan,yàn
f,跃,1,yue,yuè
f,丝,1,si,sī
f,纯,1,chun,chún
f,汉,1,han,hàn
f,杉,1,shan,shān
f,俏,1,qiao,qiào
f,轶,1,yi,yì
f,蕙,1,hui,huì
f,密,1,mi,mì
f,姿,1,zi,zī
f,承,1,cheng,chéng
f,宜,1,yi,yí
f,昭,1,zhao,zhāo
f,筠,1,yun,yún
f,苹,1,ping,píng
f,旦,1,dan,dàn
f,显,1,xian,xiǎn
f,睿,1,rui,ruì
f,辉,1,hui,huī
f,缘,1,yuan,yuán
f,本,1,ben,běn
f,情,1,qing,qíng
f,隽,1,juan,juàn
f,礼,1,li,lǐ
f,诺,1,nuo,nuò
f,绿,1,lv,lǜ
f,米,1,mi,mǐ
f,芯,1,xin,xīn
f,歆,1,xin,xīn
f,澜,1,lan,lán
f,柔,1,rou,róu
f,芮,1,rui,ruì
f,璞,1,pu,pú
f,萧,1,xiao,xiāo
f,璟,1,jing,jǐng
f,善,1,shan,shàn
f,湾,1,wan,wān
f,丛,1,cong,cóng
f,冠,1,guan,guān
f,保,1,bao,bǎo
f,路,1,lu,lù
f,采,1,cai,cǎi
f,凝,1,ning,níng
f,葵,1,kui,kuí
f,加,1,jia,jiā
f,茗,1,ming,míng
f,娥,1,e,é
f,傲,1,ao,ào
f,勤,1,qin,qín
f,旻,1,min,mín
f,定,1,ding,dìng
f,从,1,cong,cóng
f,杰,1,jie,jié
f,守,1,shou,shǒu
f,芊,1,qian,qiān
f,南,1,nan,nán
f,耀,1,yao,yào
f,芙,1,fu,fú
f,祎,1,yi,yī
f,昱,1,yu,yù
f,荔,1,li,lì
f,穗,1,sui,suì
f,发,1,fa,fā
f,凡,1,fan,fán
f,宛,1,wan,wǎn
f,占,1,zhan,zhàn
f,和,1,he,hé
f,引,1,yin,yǐn
f,姬,1,ji,jī
f,霏,1,fei,fēi
f,杨,1,yang,yáng
f,融,1,rong,róng
f,千,1,qian,qiān
f,之,1,zhi,zhī
f,田,1,tian,tián
f,妃,1,fei,fēi
f,粉,1,fen,fěn
f,进,1,jin,jìn
f,铭,1,ming,míng
f,娣,1,di,dì
f,岑,1,cen,cén
f,琬,1,wan,wǎn
f,高,1,gao,gāo
f,绪,1,xu,xù
f,增,1,zeng,zēng
f,禾,1,he,hé
f,蔓,1,man,màn
f,杜,1,du,dù
f,纪,1,ji,jì
f,桑,1,sang,sāng
f,漪,1,yi,yī
f,翎,1,ling,líng
f,坤,1,kun,kūn
f,才,1,cai,cái
f,盟,1,meng,méng
f,郁,1,yu,yù
f,来,1,lai,lái
f,淇,1,qi,qí
f,净,1,jing,jìng
f,令,1,ling,lìng
f,鲜,1,xian,xiān
f,博,1,bo,bó
f,恋,1,lian,liàn
f,眉,1,mei,méi
f,宪,1,xian,xiàn
f,蝶,1,die,dié
f,珺,1,jun,jùn
f,相,1,xiang,xiāng
f,九,1,jiu,jiǔ
f,晋,1,jin,jìn
f,存,1,cun,cún
f,铁,1,tie,tiě
f,炳,1,bing,bǐng
f,生,1,sheng,shēng
f,皎,1,jiao,jiǎo
f,吟,1,yin,yín
f,幸,1,xing,xìng
f,崇,1,chong,chóng
f,鸽,1,ge,gē
f,毅,1,yi,yì
f,仲,1,zhong,zhòng
f,妹,1,mei,mèi
f,菡,1,han,hàn
f,常,1,chang,cháng
f,力,1,li,lì
f,唯,1,wei,wéi
f,梨,1,li,lí
f,苇,1,wei,wěi
f,施,1,shi,shī
f,裕,1,yu,yù
f,石,1,shi,shí
f,鹏,1,peng,péng
f,四,1,si,sì
f,胡,1,hu,hú
f,拉,1,la,lā
f,盛,1,sheng,shèng
f,单,1,dan,dān
f,转,1,zhuan,zhuǎn
f,乃,1,nai,nǎi
f,函,1,han,hán
f,庭,1,ting,tíng
f,康,1,kang,kāng
f,豆,1,dou,dòu
f,尹,1,yin,yǐn
f,环,1,huan,huán
f,霁,1,ji,jì
f,泳,1,yong,yǒng
f,意,1,yi,yì
f,尚,1,shang,shàng
f,菱,1,ling,líng
f,业,1,ye,yè
f,韦,1,wei,wéi
f,译,1,yi,yì
f,王,1,wang,wáng
f,品,1,pin,pǐn
f,卡,1,ka,kǎ
f,同,1,tong,tóng
f,淋,1,lin,lín
f,悠,1,you,yōu
f,萃,1,cui,cuì
f,绣,1,xiu,xiù
f,沛,1,pei,pèi
f,乔,1,qiao,qiáo
f,朵,1,duo,duǒ
f,葳,1,wei,wēi
f,恒,1,heng,héng
f,付,1,fu,fù
f,火,1,huo,huǒ
f,再,1,zai,zài
f,柏,1,bai,bǎi
f,央,1,yang,yāng
f,浩,1,hao,hào
f,自,1,zi,zì
f,颜,1,yan,yán
f,那,1,na,nà
f,以,1,yi,yǐ
f,涓,1,juan,juān
f,馥,1,fu,fù
f,献,1,xian,xiàn
f,玛,1,ma,mǎ
f,越,1,yue,yuè
f,祝,1,zhu,zhù
f,鹃,1,juan,juān
f,枚,1,mei,méi
f,六,1,liu,liù
f,伯,1,bo,bó
f,宵,1,xiao,xiāo
f,尔,1,er,ěr
f,飘,1,piao,piāo
f,霓,1,ni,ní
f,荟,1,hui,huì
f,陈,1,chen,chén
f,妤,1,yu,yú
f,季,1,ji,jì
f,寿,1,shou,shòu
f,章,1,zhang,zhāng
f,修,1,xiu,xiū
f,烨,1,ye,yè
f,鹭,1,lu,lù
f,奇,1,qi,qí
f,嫦,1,chang,cháng
f,勇,1,yong,yǒng
f,愉,1,yu,yú
f,熙,1,xi,xī
f,照,1,zhao,zhào
f,治,1,zhi,zhì
f,丰,1,feng,fēng
f,鸣,1,ming,míng
f,韶,1,shao,sháo
f,频,1,pin,pín
f,优,1,you,yōu
f,弦,1,xian,xián
f,点,1,dian,diǎn
f,姜,1,jiang,jiāng
f,喻,1,yu,yù
f,太,1,tai,tài
f,惜,1,xi,xī
f,黛,1,dai,dài
f,沫,1,mo,mò
f,瑗,1,yuan,yuàn
f,柯,1,ke,kē
f,鲁,1,lu,lǔ
f,科,1,ke,kē
f,缨,1,ying,yīng
f,璨,1,can,càn
f,迪,1,di,dí
f,灿,1,can,càn
f,皓,1,hao,hào
f,颐,1,yi,yí
f,登,1,deng,dēng
f,换,1,huan,huàn
f,莱,1,lai,lái
f,荃,1,quan,quán
f,述,1,shu,shù
f,婴,1,ying,yīng
f,纹,1,wen,wén
f,芒,1,mang,máng
f,溶,1,rong,róng
f,俪,1,li,lì
f,璧,1,bi,bì
f,雄,1,xiong,xióng
f,易,1,yi,yì
f,周,1,zhou,zhōu
f,名,1,ming,míng
f,飒,1,sa,sà
f,忻,1,xin,xīn
f,禹,1,yu,yǔ
f,钟,1,zhong,zhōng
f,瞳,1,tong,tóng
f,朦,1,meng,méng
f,哲,1,zhe,zhé
f,娉,1,ping,pīng
f,七,1,qi,qī
f,苓,1,ling,líng
f,山,1,shan,shān
f,时,1,shi,shí
f,旖,1,yi,yǐ
f,幽,1,you,yōu
f,暄,1,xuan,xuān
f,闪,1,shan,shǎn
f,丁,1,ding,dīng
f,赫,1,he,hè
f,年,1,nian,nián
f,蔷,1,qiang,qiáng
f,信,1,xin,xìn
f,隐,1,yin,yǐn
f,于,1,yu,yú
f,璜,1,huang,huáng
f,箐,1,qing,qìng
f,作,1,zuo,zuò
f,繁,1,fan,fán
f,竞,1,jing,jìng
f,鸾,1,luan,luán
f,百,1,bai,bǎi
f,汶,1,wen,wèn
f,又,1,you,yòu
f,为,1,wei,wèi
f,武,1,wu,wǔ
f,霄,1,xiao,xiāo
f,留,1,liu,liú
f,现,1,xian,xiàn
f,忱,1,chen,chén
f,厚,1,hou,hòu
f,马,1,ma,mǎ
f,默,1,mo,mò
f,炜,1,wei,wěi
f,冷,1,leng,lěng
f,茉,1,mo,mò
f,昉,1,fang,fǎng
f,罗,1,luo,luó
f,尼,1,ni,ní
f,多,1,duo,duō
f,麦,1,mai,mài
f,辛,1,xin,xīn
f,停,1,ting,tíng
f,托,1,tuo,tuō
f,龄,1,ling,líng
f,争,1,zheng,zhēng
f,召,1,zhao,zhào
f,藤,1,teng,téng
f,围,1,wei,wéi
f,珈,1,jia,jiā
f,殿,1,dian,diàn
f,变,1,bian,biàn
f,张,1,zhang,zhāng
f,川,1,chuan,chuān
f,慈,1,ci,cí
f,煜,1,yu,yù
f,枝,1,zhi,zhī
f,暖,1,nuan,nuǎn
f,潞,1,lu,lù
f,允,1,yun,yǔn
f,仪,1,yi,yí
f,彬,1,bin,bīn
f,未,1,wei,wèi
f,绚,1,xuan,xuàn
f,薪,1,xin,xīn
f,骄,1,jiao,jiāo
f,钦,1,qin,qīn
f,晔,1,ye,yè
f,栗,1,li,lì
f,抒,1,shu,shū
f,韫,1,yun,yùn
f,骊,1,li,lí
f,效,1,xiao,xiào
f,员,1,yuan,yuán
f,邦,1,bang,bāng
f,杭,1,hang,háng
f,化,1,hua,huà
f,晚,1,wan,wǎn
f,颉,1,jie,jié
f,渝,1,yu,yú
f,弯,1,wan,wān
f,鹤,1,he,hè
f,佼,1,jiao,jiǎo
f,津,1,jin,jīn
f,玖,1,jiu,jiǔ
f,牧,1,mu,mù
f,井,1,jing,jǐng
f,念,1,nian,niàn
f,粟,1,su,sù
f,岫,1,xiu,xiù
f,岩,1,yan,yán
f,人,1,ren,rén
f,锐,1,rui,ruì
f,舜,1,shun,shùn
f,蜀,1,shu,shǔ
f,橙,1,cheng,chéng
f,蒂,1,di,dì
f,茶,1,cha,chá
f,翘,1,qiao,qiào
f,叔,1,shu,shū
f,恂,1,xun,xún
f,贺,1,he,hè
f,波,1,bo,bō
f,结,1,jie,jié
f,离,1,li,lí
f,箫,1,xiao,xiāo
f,畔,1,pan,pàn
f,羡,1,xian,xiàn
f,流,1,liu,liú
f,旎,1,ni,nǐ
f,堤,1,di,dī
f,嫱,1,qiang,qiáng
f,曙,1,shu,shǔ
f,砚,1,yan,yàn
f,程,1,cheng,chéng
f,蒲,1,pu,pú
f,知,1,zhi,zhī
f,余,1,yu,yú
f,寻,1,xun,xún
f,佑,1,you,yòu
f,端,1,duan,duān
f,均,1,jun,jūn
f,扬,1,yang,yáng
f,殊,1,shu,shū
f,嫒,1,ai,ài
f,蝉,1,chan,chán
f,晰,1,xi,xī
f,蓁,1,zhen,zhēn
f,索,1,suo,suǒ
f,达,1,da,dá
f,蜜,1,mi,mì
f,民,1,min,mín
f,墨,1,mo,mò
f,五,1,wu,wǔ
f,逍,1,xiao,xiāo
f,柠,1,ning,níng
f,瑟,1,se,sè
f,璎,1,ying,yīng
f,荧,1,ying,yíng
f,伏,1,fu,fú
f,腾,1,teng,téng
f,泓,1,hong,hóng
f,嫚,1,man,mān
f,桥,1,qiao,qiáo
f,衍,1,yan,yǎn
f,洋,1,yang,yáng
f,岳,1,yue,yuè
f,在,1,zai,zài
f,政,1,zheng,zhèng
f,葛,1,ge,gé
f,宓,1,mi,mì
f,沉,1,chen,chén
f,羚,1,ling,líng
f,牡,1,mu,mǔ
f,谷,1,gu,gǔ
f,裴,1,pei,péi
f,寄,1,ji,jì
f,末,1,mo,mò
f,刘,1,liu,liú
f,望,1,wang,wàng
f,炎,1,yan,yán
f,丙,1,bing,bǐng
f,抗,1,kang,kàng
f,雷,1,lei,léi
f,威,1,wei,wēi
f,翔,1,xiang,xiáng
f,稚,1,zhi,zhì
f,绘,1,hui,huì
f,官,1,guan,guān
f,桔,1,ju,jú
f,画,1,hua,huà
f,起,1,qi,qǐ
f,犁,1,li,lí
f,捷,1,jie,jié
f,璘,1,lin,lín
f,奎,1,kui,kuí
f,莘,1,shen,shēn
f,源,1,yuan,yuán
f,纤,1,xian,xiān
f,合,1,he,hé
f,舞,1,wu,wǔ
f,童,1,tong,tóng
f,斌,1,bin,bīn
f,峰,1,feng,fēng
f,鹂,1,li,lí
f,塔,1,ta,tǎ
f,慰,1,wei,wèi
f,玢,1,bin,bīn
f,塞,1,sai,sāi
f,零,1,ling,líng
f,勒,1,lei,lēi
f,淡,1,dan,dàn
f,邓,1,deng,dèng
f,銮,1,luan,luán
f,泉,1,quan,quán
f,夕,1,xi,xī
f,早,1,zao,zǎo
f,战,1,zhan,zhàn
f,术,1,shu,shù
f,萨,1,sa,sà
f,絮,1,xu,xù
f,必,1,bi,bì
f,昀,1,yun,yún
f,重,1,zhong,zhòng
f,强,1,qiang,qiáng
f,任,1,ren,rèn
f,理,1,li,lǐ
f,霭,1,ai,ǎi
f,秉,1,bing,bǐng
f,蕃,1,fan,fān
f,帼,1,guo,guó
f,积,1,ji,jī
f,济,1,ji,jì
f,亮,1,liang,liàng
f,前,1,qian,qián
f,听,1,ting,tīng
f,宣,1,xuan,xuān
f,毛,1,mao,máo
f,能,1,neng,néng
f,予,1,yu,yǔ
f,泱,1,yang,yāng
f,洛,1,luo,luò
f,妲,1,da,dá
f,配,1,pei,pèi
f,葆,1,bao,bǎo
f,瀚,1,han,hàn
f,黄,1,huang,huáng
f,社,1,she,shè
f,岱,1,dai,dài
f,功,1,gong,gōng
f,昊,1,hao,hào
f,坚,1,jian,jiān
f,联,1,lian,lián
f,硕,1,shuo,shuò
f,徐,1,xu,xú
f,致,1,zhi,zhì
f,焦,1,jiao,jiāo
f,曾,1,ceng,céng
f,申,1,shen,shēn
f,寅,1,yin,yín
f,甄,1,zhen,zhēn
f,茸,1,rong,rōng
f,绒,1,rong,róng
f,竺,1,zhu,zhú
f,十,1,shi,shí
f,偲,1,cai,cāi
f,得,1,de,dé
f,帅,1,shuai,shuài
f,蔼,1,ai,ǎi
f,辰,1,chen,chén
f,辞,1,ci,cí
f,幻,1,huan,huàn
f,计,1,ji,jì
f,警,1,jing,jǐng
f,镜,1,jing,jìng
f,涟,1,lian,lián
f,陆,1,lu,lù
f,升,1,sheng,shēng
f,师,1,shi,shī
f,添,1,tian,tiān
f,滟,1,yan,yàn
f,贻,1,yi,yí
f,乙,1,yi,yǐ
f,楹,1,ying,yíng
f,俞,1,yu,yú
f,泰,1,tai,tài
f,浓,1,nong,nóng
f,记,1,ji,jì
f,沐,1,mu,mù
f,恺,1,kai,kǎi
f,好,1,hao,hǎo
f,劲,1,jin,jìn
f,绯,1,fei,fēi
f,藜,1,li,lí
f,孙,1,sun,sūn
f,初,1,chu,chū
f,葱,1,cong,cōng
f,段,1,duan,duàn
f,庚,1,geng,gēng
f,见,1,jian,jiàn
f,绛,1,jiang,jiàng
f,嫔,1,pin,pín
f,娓,1,wei,wěi
f,响,1,xiang,xiǎng
f,印,1,yin,yìn
f,誉,1,yu,yù
f,临,1,lin,lín
f,覃,1,tan,tán
f,孔,1,kong,kǒng
f,秘,1,mi,mì
f,闻,1,wen,wén
f,徒,1,tu,tú
f,巾,1,jin,jīn
f,浅,1,qian,qiǎn
f,夜,1,ye,yè
f,瑰,1,gui,guī
f,何,1,he,hé
f,翊,1,yi,yì
f,步,1,bu,bù
f,法,1,fa,fǎ
f,珞,1,luo,luò
f,觅,1,mi,mì
f,淼,1,miao,miǎo
f,齐,1,qi,qí
f,森,1,sen,sēn
f,上,1,shang,shàng
f,习,1,xi,xí
f,言,1,yan,yán
f,遥,1,yao,yáo
f,震,1,zhen,zhèn
f,琤,1,cheng,chēng
f,今,1,jin,jīn
f,旺,1,wang,wàng
f,里,1,li,lǐ
f,溪,1,xi,xī
f,基,1,ji,jī
f,侯,1,hou,hóu
f,邻,1,lin,lín
f,色,1,se,sè
f,璃,1,li,lí
f,许,1,xu,xǔ
f,濠,1,hao,háo
f,菀,1,wan,wǎn
f,研,1,yan,yán
f,庄,1,zhuang,zhuāng
f,北,1,bei,běi
f,航,1,hang,háng
f,浣,1,huan,huàn
f,粒,1,li,lì
f,檬,1,meng,méng
f,娆,1,rao,ráo
f,芽,1,ya,yá
f,祉,1,zhi,zhǐ
f,足,1,zu,zú
f,惟,1,wei,wéi
f,倚,1,yi,yǐ
f,唤,1,huan,huàn
f,泠,1,ling,líng
f,汕,1,shan,shàn
f,洒,1,sa,sǎ
f,翻,1,fan,fān
f,袁,1,yuan,yuán
f,凰,1,huang,huáng
f,茅,1,mao,máo
f,枫,1,feng,fēng
f,漱,1,shu,shù
f,选,1,xuan,xuǎn
f,醉,1,zui,zuì
f,览,1,lan,lǎn
f,钗,1,chai,chāi
f,敦,1,dun,dūn
f,甲,1,jia,jiǎ
f,介,1,jie,jiè
f,完,1,wan,wán
f,线,1,xian,xiàn
f,豫,1,yu,yù
f,朱,1,zhu,zhū
f,声,1,sheng,shēng
f,缓,1,huan,huǎn
f,哓,1,xiao,xiāo
f,院,1,yuan,yuàn
f,奉,1,feng,fèng
f,温,1,wen,wēn
f,卿,1,qing,qīng
f,带,1,dai,dài
f,锋,1,feng,fēng
f,琚,1,ju,jū
f,夙,1,su,sù
f,纱,1,sha,shā
f,河,1,he,hé
f,解,1,jie,jiě
f,图,1,tu,tú
f,纬,1,wei,wěi
f,示,1,shi,shì
f,溢,1,yi,yì
f,麟,1,lin,lín
f,粤,1,yue,yuè
f,唱,1,chang,chàng
f,滨,1,bin,bīn
f,非,1,fei,fēi
f,伦,1,lun,lún
f,闽,1,min,mǐn
f,儒,1,ru,rú
f,沈,1,shen,shěn
f,锁,1,suo,suǒ
f,稀,1,xi,xī
f,侠,1,xia,xiá
f,由,1,you,yóu
f,肇,1,zhao,zhào
f,霖,1,lin,lín
f,至,1,zhi,zhì
f,堂,1,tang,táng
f,居,1,ju,jū
f,玎,1,ding,dīng
f,关,1,guan,guān
f,释,1,shi,shì
f,嫩,1,nen,nèn
f,复,1,fu,fù
f,行,1,xing,xíng
f,岭,1,ling,lǐng
f,菜,1,cai,cài
f,佰,1,bai,bǎi
f,展,1,zhan,zhǎn
f,咪,1,mi,mī
f,热,1,re,rè
f,翡,1,fei,fěi
f,鞠,1,ju,jū
f,筑,1,zhu,zhù
f,植,1,zhi,zhí
f,帮,1,bang,bāng
f,经,1,jing,jīng
f,隆,1,long,lóng
f,针,1,zhen,zhēn
f,轩,1,xuan,xuān
f,秦,1,qin,qín
f,戴,1,dai,dài
f,严,1,yan,yán
f,玄,1,xuan,xuán
f,后,1,hou,hòu
f,钱,1,qian,qián
f,体,1,ti,tǐ
f,味,1,wei,wèi
f,姚,1,yao,yáo
f,弋,1,yi,yì
f,壮,1,zhuang,zhuàng
f,舟,1,zhou,zhōu
f,老,1,lao,lǎo
f,瓦,1,wa,wǎ
f,间,1,jian,jiān
f,也,1,ye,yě
f,古,1,gu,gǔ
f,耐,1,nai,nài
f,女,1,nv,nǚ
f,调,1,diao,diào
f,秧,1,yang,yāng
f,尧,1,yao,yáo
f,佐,1,zuo,zuǒ
f,息,1,xi,xī
f,尤,1,you,yóu
f,裙,1,qun,qún
f,赤,1,chi,chì
f,韩,1,han,hán
f,通,1,tong,tōng
f,孜,1,zi,zī
f,逗,1,dou,dòu
f,牵,1,qian,qiān
f,曲,1,qu,qū
f,团,1,tuan,tuán
f,午,1,wu,wǔ
f,诚,1,cheng,chéng
f,尾,1,wei,wěi
f,半,1,ban,bàn
f,浮,1,fu,fú
f,励,1,li,lì
f,颂,1,song,sòng
f,桐,1,tong,tóng
f,谊,1,yi,yì
f,曰,1,yue,yuē
f,司,1,si,sī
f,椿,1,chun,chūn
f,崔,1,cui,cuī
f,椒,1,jiao,jiāo
f,翩,1,pian,piān
f,鸯,1,yang,yāng
f,钊,1,zhao,zhāo
f,梁,1,liang,liáng
f,次,1,ci,cì
f,赏,1,shang,shǎng
f,弘,1,hong,hóng
f,榴,1,liu,liú
f,甫,1,fu,fǔ
f,甘,1,gan,gān
f,麒,1,qi,qí
f,席,1,xi,xí
f,镇,1,zhen,zhèn
f,吕,1,lv,lǚ
f,磊,1,lei,lěi
f,范,1,fan,fàn
f,昆,1,kun,kūn
f,涛,1,tao,tāo
f,征,1,zheng,zhēng
f,榆,1,yu,yú
f,赵,1,zhao,zhào
f,汀,1,ting,tīng
f,慎,1,shen,shèn
f,沂,1,yi,yí
f,鹿,1,lu,lù
f,遵,1,zun,zūn
f,际,1,ji,jì
f,啸,1,xiao,xiào
f,壁,1,bi,bì
f,蔡,1,cai,cài
f,栋,1,dong,dòng
f,公,1,gong,gōng
f,哈,1,ha,hā
f,郦,1,li,lì
f,乾,1,qian,qián
f,深,1,shen,shēn
f,晟,1,cheng,chéng
f,序,1,xu,xù
f,野,1,ye,yě
f,雍,1,yong,yōng
f,郑,1,zheng,zhèng
f,支,1,zhi,zhī
f,淮,1,huai,huái
f,仰,1,yang,yǎng
f,趣,1,qu,qù
f,钻,1,zuan,zuān
f,倍,1,bei,bèi
f,汇,1,hui,huì
f,渊,1,yuan,yuān
f,吴,1,wu,wú
f,原,1,yuan,yuán
f,晏,1,yan,yàn
f,肃,1,su,sù
f,宸,1,chen,chén
f,冀,1,ji,jì
f,精,1,jing,jīng
f,戎,1,rong,róng
f,典,1,dian,diǎn
f,洲,1,zhou,zhōu
f,琇,1,xiu,xiù
f,栩,1,xu,xǔ
f,训,1,xun,xùn
f,与,1,yu,yǔ
f,祯,1,zhen,zhēn
f,藏,1,cang,cáng
f,熠,1,yi,yì
f,尊,1,zun,zūn
f,逢,1,feng,féng
f,巍,1,wei,wēi
f,抱,1,bao,bào
f,兵,1,bing,bīng
f,淳,1,chun,chún
f,贯,1,guan,guàn
f,槐,1,huai,huái
f,惊,1,jing,jīng
f,巨,1,ju,jù
f,历,1,li,lì
f,秒,1,miao,miǎo
f,栖,1,qi,qī
f,晞,1,xi,xī
f,校,1,xiao,xiào
f,性,1,xing,xìng
f,翌,1,yi,yì
f,沅,1,yuan,yuán
f,琢,1,zuo,zuó
f,亿,1,yi,yì
f,欲,1,yu,yù
f,刚,1,gang,gāng
f,娄,1,lou,lóu
f,薛,1,xue,xuē
f,荫,1,yin,yīn
f,赞,1,zan,zàn
f,峥,1,zheng,zhēng
f,钧,1,jun,jūn
f,瀛,1,ying,yíng
f,领,1,ling,lǐng
f,壬,1,ren,rén
f,者,1,zhe,zhě
f,迟,1,chi,chí
f,陵,1,ling,líng
f,浪,1,lang,làng
f,雀,1,que,què
f,无,1,wu,wú
f,呈,1,cheng,chéng
f,苒,1,ran,rǎn
f,乌,1,wu,wū
f,荻,1,di,dí
f,垂,1,chui,chuí
f,岸,1,an,àn
f,绰,1,chuo,chuò
f,琮,1,cong,cóng
f,帆,1,fan,fān
f,衡,1,heng,héng
f,沪,1,hu,hù
f,桦,1,hua,huà
f,尽,1,jin,jǐn
f,普,1,pu,pǔ
f,权,1,quan,quán
f,魏,1,wei,wèi
f,稳,1,wen,wěn
f,炫,1,xuan,xuàn
f,营,1,ying,yíng
f,御,1,yu,yù
f,左,1,zuo,zuǒ
f,羿,1,yi,yì
f,翼,1,yi,yì
f,洵,1,xun,xún
f,旋,1,xuan,xuán
f,臻,1,zhen,zhēn
f,近,1,jin,jìn
f,列,1,lie,liè
f,唐,1,tang,táng
f,耘,1,yun,yún
f,焱,1,yan,yàn
f,峻,1,jun,jùn
f,养,1,yang,yǎng
f,祺,1,qi,qí
f,因,1,yin,yīn
f,蘅,1,heng,héng
f,宾,1,bin,bīn
f,翰,1,han,hàn
f,球,1,qiu,qiú
f,灶,1,zao,zào
f,桢,1,zhen,zhēn
f,财,1,cai,cái
f,玺,1,xi,xǐ
f,式,1,shi,shì
f,宋,1,song,sòng
f,查,1,cha,chá
f,集,1,ji,jí
f,聚,1,ju,jù
f,烈,1,lie,liè
f,亲,1,qin,qīn
f,探,1,tan,tàn
f,助,1,zhu,zhù
f,鼎,1,ding,dǐng
f,绵,1,mian,mián
f,跳,1,tiao,tiào
f,八,1,ba,bā
f,革,1,ge,gé
f,魁,1,kui,kuí
f,廉,1,lian,lián
f,录,1,lu,lù
f,丕,1,pi,pī
f,适,1,shi,shì
f,伍,1,wu,wǔ
f,随,1,sui,suí
f,屠,1,tu,tú
f,晖,1,hui,huī
f,省,1,sheng,shěng
f,举,1,ju,jǔ
f,纳,1,na,nà
f,台,1,tai,tái
f,禄,1,lu,lù
f,炼,1,lian,liàn
f,虎,1,hu,hǔ
f,聃,1,dan,dān
f,皖,1,wan,wǎn
f,扶,1,fu,fú
f,泊,1,po,pō
f,池,1,chi,chí
f,舫,1,fang,fǎng
f,阜,1,fu,fù
f,灏,1,hao,hào
f,考,1,kao,kǎo
f,倪,1,ni,ní
f,聘,1,pin,pìn
f,峭,1,qiao,qiào
f,束,1,shu,shù
f,速,1,su,sù
f,陶,1,tao,táo
f,吾,1,wu,wú
f,湛,1,zhan,zhàn
f,掌,1,zhang,zhǎng
f,喆,1,zhe,zhé
f,煌,1,huang,huáng
f,外,1,wai,wài
f,鸥,1,ou,ōu
f,耿,1,geng,gěng
f,恕,1,shu,shù
f,艮,1,gen,gěn
f,浙,1,zhe,zhè
f,畅,1,chang,chàng
f,绥,1,sui,suí
f,觉,1,jue,jué
f,栾,1,luan,luán
f,土,1,tu,tǔ
f,朔,1,shuo,shuò
f,邢,1,xing,xíng
f,则,1,ze,zé
f,鲍,1,bao,bào
f,澄,1,cheng,chéng
f,遂,1,sui,suì
f,佶,1,ji,jí
f,神,1,shen,shén
f,寓,1,yu,yù
f,詹,1,zhan,zhān
f,昶,1,chang,chǎng
f,丞,1,cheng,chéng
f,冯,1,feng,féng
f,干,1,gan,gàn
f,骏,1,jun,jùn
f,朗,1,lang,lǎng
f,欧,1,ou,ōu
f,商,1,shang,shāng
f,棠,1,tang,táng
f,煦,1,xu,xù
f,质,1,zhi,zhì
f,柱,1,zhu,zhù
f,冶,1,ye,yě
f,邹,1,zou,zōu
f,徽,1,hui,huī
f,董,1,dong,dǒng
f,夫,1,fu,fū
f,伽,1,ga,gā
f,鉴,1,jian,jiàn
f,务,1,wu,wù
f,擎,1,qing,qíng
f,颍,1,ying,yǐng
f,毕,1,bi,bì
f,著,1,zhu,zhù
f,稼,1,jia,jià
f,侃,1,kan,kǎn
f,澍,1,shu,shù
f,楼,1,lou,lóu
f,实,1,shi,shí
f,钥,1,yao,yào
f,笔,1,bi,bǐ
f,落,1,luo,luò
f,攀,1,pan,pān
f,谦,1,qian,qiān
f,卢,1,lu,lú
f,帝,1,di,dì
f,茨,1,ci,cí
f,夺,1,duo,duó
f,笠,1,li,lì
f,储,1,chu,chǔ
f,郡,1,jun,jùn
f,聂,1,nie,niè
f,黔,1,qian,qián
f,渭,1,wei,wèi
f,鸳,1,yuan,yuān
f,沧,1,cang,cāng
f,潮,1,chao,cháo
f,邵,1,shao,shào
f,铮,1,zheng,zhēng
f,不,1,bu,bù
f,键,1,jian,jiàn
f,村,1,cun,cūn
f,钢,1,gang,gāng
f,栓,1,shuan,shuān
f,嗣,1,si,sì
f,党,1,dang,dǎng
f,棉,1,mian,mián
f,塘,1,tang,táng
f,赐,1,ci,cì
f,赣,1,gan,gàn
f,酒,1,jiu,jiǔ
f,匡,1,kuang,kuāng
f,朴,1,pu,pǔ
f,祈,1,qi,qí
f,企,1,qi,qǐ
f,潭,1,tan,tán
f,叙,1,xu,xù
f,绎,1,yi,yì
f,约,1,yue,yuē
f,仔,1,zai,zǎi
f,资,1,zi,zī
f,门,1,men,mén
f,执,1,zhi,zhí
f,烁,1,shuo,shuò
f,遇,1,yu,yù
f,崎,1,qi,qí
f,续,1,xu,xù
f,是,1,shi,shì
f,服,1,fu,fú
f,蓬,1,peng,péng
f,尘,1,chen,chén
f,弛,1,chi,chí
f,宥,1,you,yòu
f,简,1,jian,jiǎn
f,胤,1,yin,yìn
f,策,1,ce,cè
f,气,1,qi,qì
f,玠,1,jie,jiè
f,奋,1,fen,fèn
f,样,1,yang,yàng
f,纲,1,gang,gāng
f,谨,1,jin,jǐn
f,阮,1,ruan,ruǎn
f,异,1,yi,yì
f,挺,1,ting,tǐng
f,胥,1,xu,xū
f,殷,1,yin,yīn
f,铎,1,duo,duó
f,楷,1,kai,kǎi
f,烟,1,yan,yān
f,迈,1,mai,mài
f,载,1,zai,zài
f,命,1,ming,mìng
f,穆,1,mu,mù
f,移,1,yi,yí
f,炽,1,chi,chì
f,咸,1,xian,xián
f,拔,1,ba,bá
f,勃,1,bo,bó
f,焯,1,chao,chāo
f,车,1,che,chē
f,城,1,cheng,chéng
f,粹,1,cui,cuì
f,放,1,fang,fàng
f,赓,1,geng,gēng
f,桓,1,huan,huán
f,奂,1,huan,huàn
f,俭,1,jian,jiǎn
f,莫,1,mo,mò
f,谱,1,pu,pǔ
f,岁,1,sui,suì
f,檀,1,tan,tán
f,享,1,xiang,xiǎng
f,枭,1,xiao,xiāo
f,焰,1,yan,yàn
f,裔,1,yi,yì
f,熏,1,xun,xūn
f,游,1,you,yóu
f,啊,1,a,a
f,奔,1,ben,bēn
f,辅,1,fu,fǔ
f,豪,1,hao,háo
f,湖,1,hu,hú
f,稷,1,ji,jì
f,闰,1,run,rùn
f,溯,1,su,sù
f,宴,1,yan,yàn
f,炯,1,jiong,jiǒng
f,扣,1,kou,kòu
f,黑,1,hei,hēi
f,检,1,jian,jiǎn
f,霈,1,pei,pèi
f,犀,1,xi,xī
f,沿,1,yan,yán
f,回,1,hui,huí
f,骁,1,xiao,xiāo
f,渡,1,du,dù
f,主,1,zhu,zhǔ
f,荆,1,jing,jīng
f,兢,1,jing,jīng
f,度,1,du,dù
f,港,1,gang,gǎng
f,竟,1,jing,jìng
f,率,1,lv,lǜ
f,右,1,you,yòu
f,铜,1,tong,tóng
f,奥,1,ao,ào
f,珉,1,min,mín
f,祠,1,ci,cí
f,舍,1,she,shě
f,衔,1,xian,xián
f,燮,1,xie,xiè
f,勋,1,xun,xūn
f,宫,1,gong,gōng
f,休,1,xiu,xiū
f,冲,1,chong,chōng
f,宠,1,chong,chǒng
f,笃,1,du,dǔ
f,节,1,jie,jié
f,履,1,lv,lǚ
f,彭,1,peng,péng
f,厦,1,sha,shà
f,识,1,shi,shí
f,绶,1,shou,shòu
f,谢,1,xie,xiè
f,专,1,zhuan,zhuān
f,凉,1,liang,liáng
f,戈,1,ge,gē
f,更,1,geng,gèng
f,皇,1,huang,huáng
f,迁,1,qian,qiān
f,勉,1,mian,miǎn
f,候,1,hou,hòu
f,监,1,jian,jiān
f,辽,1,liao,liáo
f,祁,1,qi,qí
f,众,1,zhong,zhòng
f,曹,1,cao,cáo
f,颢,1,hao,hào
f,汪,1,wang,wāng
f,象,1,xiang,xiàng
f,备,1,bei,bèi
f,倬,1,zhuo,zhuō
f,当,1,dang,dāng
f,垠,1,yin,yín
f,岗,1,gang,gǎng
f,恭,1,gong,gōng
f,陇,1,long,lǒng
f,鄂,1,e,è
f,鲸,1,jing,jīng
f,栎,1,li,lì
f,淦,1,gan,gàn
f,参,1,can,cān
f,钿,1,dian,diàn
f,都,1,dou,dōu
f,嘎,1,ga,gā
f,弥,1,mi,mí
f,棋,1,qi,qí
f,求,1,qiu,qiú
f,韬,1,tao,tāo
f,梧,1,wu,wú
f,奚,1,xi,xī
f,用,1,yong,yòng
f,衣,1,yi,yī
f,归,1,gui,guī
f,伙,1,huo,huǒ
f,委,1,wei,wěi
f,汐,1,xi,xī
f,襄,1,xiang,xiāng
f,布,1,bu,bù
f,皆,1,jie,jiē
f,灼,1,zhuo,zhuó
f,模,1,mo,mó
f,劭,1,shao,shào
f,珩,1,hang,háng
f,逊,1,xun,xùn
f,英,2,ying,yīng
f,芳,2,fang,fāng
f,红,2,hong,hóng
f,梅,2,mei,méi
f,玲,2,ling,líng
f,霞,2,xia,xiá
f,萍,2,ping,píng
f,丽,2,li,lì
f,娟,2,juan,juān
f,兰,2,lan,lán
f,珍,2,zhen,zhēn
f,华,2,hua,huá
f,琴,2,qin,qín
f,燕,2,yan,yàn
f,婷,2,ting,tíng
f,云,2,yun,yún
f,芬,2,fen,fēn
f,艳,2,yan,yàn
f,凤,2,feng,fèng
f,花,2,hua,huā
f,娜,2,na,nà
f,敏,2,min,mǐn
f,玉,2,yu,yù
f,君,2,jun,jūn
f,香,2,xiang,xiāng
f,慧,2,hui,huì
f,秀,2,xiu,xiù
f,美,2,mei,měi
f,莲,2,lian,lián
f,琳,2,lin,lín
f,静,2,jing,jìng
f,莉,2,li,lì
f,洁,2,jie,jié
f,琼,2,qiong,qióng
f,莹,2,ying,yíng
f,青,2,qing,qīng
f,颖,2,ying,yǐng
f,妹,2,mei,mèi
f,丹,2,dan,dān
f,平,2,ping,píng
f,蓉,2,rong,róng
f,琪,2,qi,qí
f,雯,2,wen,wén
f,怡,2,yi,yí
f,芝,2,zhi,zhī
f,媛,2,yuan,yuàn
f,菊,2,ju,jú
f,欣,2,xin,xīn
f,月,2,yue,yuè
f,佳,2,jia,jiā
f,娇,2,jiao,jiāo
f,仙,2,xian,xiān
f,雪,2,xue,xuě
f,妮,2,ni,nī
f,芹,2,qin,qín
f,珠,2,zhu,zhū
f,容,2,rong,róng
f,群,2,qun,qún
f,娥,2,e,é
f,荣,2,rong,róng
f,茹,2,ru,rú
f,楠,2,nan,nán
f,珊,2,shan,shān
f,清,2,qing,qīng
f,倩,2,qian,qiàn
f,菲,2,fei,fēi
f,瑶,2,yao,yáo
f,惠,2,hui,huì
f,虹,2,hong,hóng
f,晶,2,jing,jīng
f,琦,2,qi,qí
f,雅,2,ya,yǎ
f,秋,2,qiu,qiū
f,春,2,chun,chūn
f,薇,2,wei,wēi
f,蕾,2,lei,lěi
f,文,2,wen,wén
f,连,2,lian,lián
f,冰,2,bing,bīng
f,男,2,nan,nán
f,娣,2,di,dì
f,子,2,zi,zi
f,风,2,feng,fēng
f,妍,2,yan,yán
f,雨,2,yu,yǔ
f,真,2,zhen,zhēn
f,儿,2,er,ér
f,涵,2,han,hán
f,仪,2,yi,yí
f,晴,2,qing,qíng
f,彤,2,tong,tóng
f,瑜,2,yu,yú
f,璐,2,lu,lù
f,贞,2,zhen,zhēn
f,园,2,yuan,yuán
f,翠,2,cui,cuì
f,芸,2,yun,yún
f,露,2,lu,lù
f,然,2,ran,rán
f,晓,2,xiao,xiǎo
f,悦,2,yue,yuè
f,思,2,si,sī
f,莎,2,sha,shā
f,微,2,wei,wēi
f,璇,2,xuan,xuán
f,欢,2,huan,huān
f,茜,2,qian,qiàn
f,婧,2,jing,jìng
f,萌,2,meng,méng
f,利,2,li,lì
f,如,2,ru,rú
f,宁,2,ning,níng
f,苗,2,miao,miáo
f,灵,2,ling,líng
f,圆,2,yuan,yuán
f,馨,2,xin,xīn
f,瑛,2,ying,yīng
f,姣,2,jiao,jiāo
f,影,2,ying,yǐng
f,蕊,2,rui,ruǐ
f,菁,2,jing,jīng
f,枝,2,zhi,zhī
f,杰,2,jie,jié
f,亚,2,ya,yà
f,玮,2,wei,wěi
f,飞,2,fei,fēi
f,岚,2,lan,lán
f,娴,2,xian,xián
f,侠,2,xia,xiá
f,婕,2,jie,jié
f,曼,2,man,màn
f,竹,2,zhu,zhú
f,瑾,2,jin,jǐn
f,梦,2,meng,mèng
f,盈,2,ying,yíng
f,亭,2,ting,tíng
f,媚,2,mei,mèi
f,林,2,lin,lín
f,双,2,shuang,shuāng
f,萱,2,xuan,xuān
f,姗,2,shan,shān
f,蒙,2,meng,méng
f,桃,2,tao,táo
f,羽,2,yu,yǔ
f,明,2,ming,míng
f,爱,2,ai,ài
f,心,2,xin,xīn
f,艺,2,yi,yì
f,晨,2,chen,chén
f,佩,2,pei,pèi
f,巧,2,qiao,qiǎo
f,蓓,2,bei,bèi
f,黎,2,li,lí
f,甜,2,tian,tián
f,朋,2,peng,péng
f,斐,2,fei,fěi
f,钰,2,yu,yù
f,笑,2,xiao,xiào
f,叶,2,ye,yè
f,环,2,huan,huán
f,盼,2,pan,pàn
f,昕,2,xin,xīn
f,卿,2,qing,qīng
f,贝,2,bei,bèi
f,潇,2,xiao,xiāo
f,娅,2,ya,yà
f,沙,2,sha,shā
f,爽,2,shuang,shuǎng
f,贤,2,xian,xián
f,彩,2,cai,cǎi
f,铃,2,ling,líng
f,柳,2,liu,liǔ
f,勤,2,qin,qín
f,婵,2,chan,chán
f,茵,2,yin,yīn
f,苹,2,ping,píng
f,韵,2,yun,yùn
f,聪,2,cong,cōng
f,蔚,2,wei,wèi
f,霜,2,shuang,shuāng
f,桂,2,gui,guì
f,珂,2,ke,kē
f,辉,2,hui,huī
f,依,2,yi,yī
f,曦,2,xi,xī
f,冉,2,ran,rǎn
f,寒,2,han,hán
f,雁,2,yan,yàn
f,卉,2,hui,huì
f,冬,2,dong,dōng
f,金,2,jin,jīn
f,阳,2,yang,yáng
f,玥,2,yue,yuè
f,素,2,su,sù
f,晗,2,han,hán
f,碧,2,bi,bì
f,银,2,yin,yín
f,音,2,yin,yīn
f,果,2,guo,guǒ
f,俐,2,li,lì
f,会,2,hui,huì
f,舒,2,shu,shū
f,歌,2,ge,gē
f,淑,2,shu,shū
f,波,2,bo,bō
f,琛,2,chen,chēn
f,迪,2,di,dí
f,姬,2,ji,jī
f,苏,2,su,sū
f,榕,2,rong,róng
f,夏,2,xia,xià
f,婉,2,wan,wǎn
f,楚,2,chu,chǔ
f,湘,2,xiang,xiāng
f,迎,2,ying,yíng
f,赛,2,sai,sài
f,玫,2,mei,méi
f,懿,2,yi,yì
f,诗,2,shi,shī
f,伶,2,ling,líng
f,肖,2,xiao,xiào
f,姿,2,zi,zī
f,靓,2,jing,jìng
f,宇,2,yu,yǔ
f,宜,2,yi,yí
f,格,2,ge,gé
f,姝,2,shu,shū
f,嘉,2,jia,jiā
f,伊,2,yi,yī
f,筠,2,yun,yún
f,莺,2,ying,yīng
f,霏,2,fei,fēi
f,琰,2,yan,yǎn
f,岩,2,yan,yán
f,屏,2,ping,píng
f,桐,2,tong,tóng
f,滢,2,ying,yíng
f,诺,2,nuo,nuò
f,凡,2,fan,fán
f,蓝,2,lan,lán
f,语,2,yu,yǔ
f,白,2,bai,bái
f,杉,2,shan,shān
f,苑,2,yuan,yuàn
f,珏,2,jue,jué
f,嫣,2,yan,yān
f,纯,2,chun,chún
f,凝,2,ning,níng
f,若,2,ruo,ruò
f,彦,2,yan,yàn
f,含,2,han,hán
f,淇,2,qi,qí
f,妤,2,yu,yú
f,新,2,xin,xīn
f,恬,2,tian,tián
f,柔,2,rou,róu
f,鸽,2,ge,gē
f,南,2,nan,nán
f,情,2,qing,qíng
f,斯,2,si,sī
f,樱,2,ying,yīng
f,丝,2,si,sī
f,澜,2,lan,lán
f,弟,2,di,dì
f,杏,2,xing,xìng
f,凌,2,ling,líng
f,军,2,jun,jūn
f,漫,2,man,màn
f,希,2,xi,xī
f,蝶,2,die,dié
f,维,2,wei,wéi
f,辰,2,chen,chén
f,菡,2,han,hàn
f,满,2,man,mǎn
f,缘,2,yuan,yuán
f,妃,2,fei,fēi
f,岑,2,cen,cén
f,沁,2,qin,qìn
f,坤,2,kun,kūn
f,密,2,mi,mì
f,荷,2,he,hé
f,妙,2,miao,miào
f,芮,2,rui,ruì
f,旦,2,dan,dàn
f,方,2,fang,fāng
f,璞,2,pu,pú
f,湾,2,wan,wān
f,彬,2,bin,bīn
f,龄,2,ling,líng
f,筱,2,xiao,xiǎo
f,吟,2,yin,yín
f,璟,2,jing,jǐng
f,歆,2,xin,xīn
f,伟,2,wei,wěi
f,绮,2,qi,qǐ
f,鸣,2,ming,míng
f,葵,2,kui,kuí
f,翎,2,ling,líng
f,霖,2,lin,lín
f,隽,2,juan,juàn
f,之,2,zhi,zhī
f,眉,2,mei,méi
f,萧,2,xiao,xiāo
f,颜,2,yan,yán
f,蕙,2,hui,huì
f,桦,2,hua,huà
f,俏,2,qiao,qiào
f,枫,2,feng,fēng
f,融,2,rong,róng
f,忆,2,yi,yì
f,映,2,ying,yìng
f,珺,2,jun,jùn
f,超,2,chao,chāo
f,禾,2,he,hé
f,漪,2,yi,yī
f,茗,2,ming,míng
f,乔,2,qiao,qiáo
f,艾,2,ai,ài
f,女,2,nv,nǚ
f,咏,2,yong,yǒng
f,景,2,jing,jǐng
f,荔,2,li,lì
f,函,2,han,hán
f,蔓,2,man,màn
f,祎,2,yi,yī
f,旻,2,min,mín
f,芯,2,xin,xīn
f,钗,2,chai,chāi
f,培,2,pei,péi
f,瑞,2,rui,ruì
f,予,2,yu,yǔ
f,一,2,yi,yī
f,菱,2,ling,líng
f,芊,2,qian,qiān
f,苓,2,ling,líng
f,星,2,xing,xīng
f,尹,2,yin,yǐn
f,苇,2,wei,wěi
f,丛,2,cong,cóng
f,帆,2,fan,fān
f,蕴,2,yun,yùn
f,烨,2,ye,yè
f,鸥,2,ou,ōu
f,净,2,jing,jìng
f,桑,2,sang,sāng
f,鹃,2,juan,juān
f,恋,2,lian,liàn
f,紫,2,zi,zǐ
f,皎,2,jiao,jiǎo
f,盟,2,meng,méng
f,霓,2,ni,ní
f,遥,2,yao,yáo
f,鑫,2,xin,xīn
f,霄,2,xiao,xiāo
f,朵,2,duo,duǒ
f,拉,2,la,lā
f,俊,2,jun,jùn
f,米,2,mi,mǐ
f,枚,2,mei,méi
f,实,2,shi,shí
f,元,2,yuan,yuán
f,宏,2,hong,hóng
f,奕,2,yi,yì
f,溪,2,xi,xī
f,棠,2,tang,táng
f,峰,2,feng,fēng
f,粉,2,fen,fěn
f,涓,2,juan,juān
f,傲,2,ao,ào
f,豆,2,dou,dòu
f,嫦,2,chang,cháng
f,曾,2,ceng,céng
f,葳,2,wei,wēi
f,淋,2,lin,lín
f,施,2,shi,shī
f,胡,2,hu,hú
f,单,2,dan,dān
f,鸾,2,luan,luán
f,那,2,na,nà
f,晖,2,hui,huī
f,鸿,2,hong,hóng
f,轩,2,xuan,xuān
f,舞,2,wu,wǔ
f,梨,2,li,lí
f,愉,2,yu,yú
f,央,2,yang,yāng
f,锦,2,jin,jǐn
f,鹭,2,lu,lù
f,鲜,2,xian,xiān
f,缨,2,ying,yīng
f,卡,2,ka,kǎ
f,改,2,gai,gǎi
f,萃,2,cui,cuì
f,频,2,pin,pín
f,婴,2,ying,yīng
f,宵,2,xiao,xiāo
f,穗,2,sui,suì
f,瑗,2,yuan,yuàn
f,慈,2,ci,cí
f,荟,2,hui,huì
f,京,2,jing,jīng
f,弦,2,xian,xián
f,先,2,xian,xiān
f,唯,2,wei,wéi
f,晔,2,ye,yè
f,飘,2,piao,piāo
f,朦,2,meng,méng
f,睿,2,rui,ruì
f,阁,2,ge,gé
f,庆,2,qing,qìng
f,霁,2,ji,jì
f,童,2,tong,tóng
f,芒,2,mang,máng
f,焕,2,huan,huàn
f,靖,2,jing,jìng
f,点,2,dian,diǎn
f,瞳,2,tong,tóng
f,颐,2,yi,yí
f,尔,2,er,ěr
f,引,2,yin,yǐn
f,莱,2,lai,lái
f,转,2,zhuan,zhuǎn
f,旋,2,xuan,xuán
f,荃,2,quan,quán
f,姜,2,jiang,jiāng
f,暄,2,xuan,xuān
f,喻,2,yu,yù
f,珑,2,long,lóng
f,璨,2,can,càn
f,钦,2,qin,qīn
f,溶,2,rong,róng
f,纹,2,wen,wén
f,采,2,cai,cǎi
f,沫,2,mo,mò
f,端,2,duan,duān
f,逸,2,yi,yì
f,招,2,zhao,zhāo
f,箐,2,qing,qìng
f,韦,2,wei,wéi
f,飒,2,sa,sà
f,璧,2,bi,bì
f,蓁,2,zhen,zhēn
f,忻,2,xin,xīn
f,潞,2,lu,lù
f,杜,2,du,dù
f,六,2,liu,liù
f,卓,2,zhuo,zhuó
f,旎,2,ni,nǐ
f,汝,2,ru,rǔ
f,田,2,tian,tián
f,隐,2,yin,yǐn
f,闪,2,shan,shǎn
f,悠,2,you,yōu
f,芙,2,fu,fú
f,绿,2,lv,lǜ
f,尼,2,ni,ní
f,洋,2,yang,yáng
f,杨,2,yang,yáng
f,馥,2,fu,fù
f,璜,2,huang,huáng
f,藤,2,teng,téng
f,意,2,yi,yì
f,琬,2,wan,wǎn
f,臻,2,zhen,zhēn
f,銮,2,luan,luán
f,骊,2,li,lí
f,忱,2,chen,chén
f,七,2,qi,qī
f,蔷,2,qiang,qiáng
f,昉,2,fang,fǎng
f,言,2,yan,yán
f,博,2,bo,bó
f,骄,2,jiao,jiāo
f,停,2,ting,tíng
f,笛,2,di,dí
f,智,2,zhi,zhì
f,芷,2,zhi,zhǐ
f,蒂,2,di,dì
f,暖,2,nuan,nuǎn
f,锋,2,feng,fēng
f,绚,2,xuan,xuàn
f,昀,2,yun,yún
f,围,2,wei,wéi
f,安,2,an,ān
f,托,2,tuo,tuō
f,佼,2,jiao,jiǎo
f,捷,2,jie,jié
f,源,2,yuan,yuán
f,乐,2,le,lè
f,黛,2,dai,dài
f,书,2,shu,shū
f,涛,2,tao,tāo
f,熙,2,xi,xī
f,伦,2,lun,lún
f,箫,2,xiao,xiāo
f,斌,2,bin,bīn
f,研,2,yan,yán
f,嫒,2,ai,ài
f,绒,2,rong,róng
f,译,2,yi,yì
f,栗,2,li,lì
f,殊,2,shu,shū
f,换,2,huan,huàn
f,翘,2,qiao,qiào
f,绣,2,xiu,xiù
f,麟,2,lin,lín
f,员,2,yuan,yuán
f,津,2,jin,jīn
f,颉,2,jie,jié
f,冷,2,leng,lěng
f,弯,2,wan,wān
f,旖,2,yi,yǐ
f,郁,2,yu,yù
f,娃,2,wa,wá
f,潼,2,tong,tóng
f,粟,2,su,sù
f,吉,2,ji,jí
f,均,2,jun,jūn
f,奇,2,qi,qí
f,范,2,fan,fàn
f,瑟,2,se,sè
f,好,2,hao,hǎo
f,恂,2,xun,xún
f,泓,2,hong,hóng
f,铭,2,ming,míng
f,民,2,min,mín
f,儒,2,ru,rú
f,默,2,mo,mò
f,哲,2,zhe,zhé
f,鹰,2,ying,yīng
f,浓,2,nong,nóng
f,橙,2,cheng,chéng
f,羚,2,ling,líng
f,江,2,jiang,jiāng
f,畔,2,pan,pàn
f,渝,2,yu,yú
f,寻,2,xun,xún
f,薪,2,xin,xīn
f,旭,2,xu,xù
f,堤,2,di,dī
f,离,2,li,lí
f,麦,2,mai,mài
f,蜜,2,mi,mì
f,嫱,2,qiang,qiáng
f,可,2,ke,kě
f,和,2,he,hé
f,易,2,yi,yì
f,异,2,yi,yì
f,玛,2,ma,mǎ
f,阿,2,a,ā
f,茶,2,cha,chá
f,荧,2,ying,yíng
f,犁,2,li,lí
f,璘,2,lin,lín
f,鹏,2,peng,péng
f,娉,2,ping,pīng
f,非,2,fei,fēi
f,岭,2,ling,lǐng
f,嫚,2,man,mān
f,敬,2,jing,jìng
f,纳,2,na,nà
f,桔,2,ju,jú
f,甄,2,zhen,zhēn
f,慕,2,mu,mù
f,晰,2,xi,xī
f,耘,2,yun,yún
f,立,2,li,lì
f,烟,2,yan,yān
f,囡,2,nan,nān
f,幽,2,you,yōu
f,蒲,2,pu,pú
f,宓,2,mi,mì
f,蝉,2,chan,chán
f,画,2,hua,huà
f,柠,2,ning,níng
f,璎,2,ying,yīng
f,楣,2,mei,méi
f,祯,2,zhen,zhēn
f,宝,2,bao,bǎo
f,裴,2,pei,péi
f,嫔,2,pin,pín
f,莘,2,shen,shēn
f,欧,2,ou,ōu
f,玢,2,bin,bīn
f,零,2,ling,líng
f,鹤,2,he,hè
f,姐,2,jie,jiě
f,谊,2,yi,yì
f,廷,2,ting,tíng
f,索,2,suo,suǒ
f,祺,2,qi,qí
f,末,2,mo,mò
f,汐,2,xi,xī
f,逍,2,xiao,xiāo
f,惜,2,xi,xī
f,珈,2,jia,jiā
f,沉,2,chen,chén
f,絮,2,xu,xù
f,芽,2,ya,yá
f,昱,2,yu,yù
f,筑,2,zhu,zhù
f,鹂,2,li,lí
f,娘,2,niang,niáng
f,稚,2,zhi,zhì
f,纤,2,xian,xiān
f,绘,2,hui,huì
f,绯,2,fei,fēi
f,妲,2,da,dá
f,未,2,wei,wèi
f,姑,2,gu,gū
f,勒,2,lei,lēi
f,岫,2,xiu,xiù
f,羡,2,xian,xiàn
f,洪,2,hong,hóng
f,茉,2,mo,mò
f,毓,2,yu,yù
f,善,2,shan,shàn
f,宛,2,wan,wǎn
f,珩,2,hang,háng
f,泱,2,yang,yāng
f,幼,2,you,yòu
f,萨,2,sa,sà
f,辛,2,xin,xīn
f,邓,2,deng,dèng
f,蕃,2,fan,fān
f,达,2,da,dá
f,西,2,xi,xī
f,天,2,tian,tiān
f,抒,2,shu,shū
f,塔,2,ta,tǎ
f,韫,2,yun,yùn
f,力,2,li,lì
f,塞,2,sai,sāi
f,孜,2,zi,zī
f,扬,2,yang,yáng
f,兮,2,xi,xī
f,警,2,jing,jǐng
f,光,2,guang,guāng
f,娆,2,rao,ráo
f,庄,2,zhuang,zhuāng
f,治,2,zhi,zhì
f,娓,2,wei,wěi
f,焦,2,jiao,jiāo
f,琨,2,kun,kūn
f,藜,2,li,lí
f,球,2,qiu,qiú
f,茸,2,rong,rōng
f,谕,2,yu,yù
f,舟,2,zhou,zhōu
f,幻,2,huan,huàn
f,川,2,chuan,chuān
f,楹,2,ying,yíng
f,钧,2,jun,jūn
f,腊,2,la,là
f,巍,2,wei,wēi
f,雀,2,que,què
f,人,2,ren,rén
f,裳,2,shang,shang
f,配,2,pei,pèi
f,偲,2,cai,cāi
f,尘,2,chen,chén
f,葱,2,cong,cōng
f,淳,2,chun,chún
f,至,2,zhi,zhì
f,段,2,duan,duàn
f,俪,2,li,lì
f,涟,2,lian,lián
f,恩,2,en,ēn
f,听,2,ting,tīng
f,滟,2,yan,yàn
f,覃,2,tan,tán
f,秘,2,mi,mì
f,濠,2,hao,háo
f,浅,2,qian,qiǎn
f,竺,2,zhu,zhú
f,瑰,2,gui,guī
f,墨,2,mo,mò
f,辞,2,ci,cí
f,池,2,chi,chí
f,多,2,duo,duō
f,檬,2,meng,méng
f,觅,2,mi,mì
f,琚,2,ju,jū
f,泠,2,ling,líng
f,霈,2,pei,pèi
f,荻,2,di,dí
f,琤,2,cheng,chēng
f,蜀,2,shu,shǔ
f,松,2,song,sōng
f,闽,2,min,mǐn
f,越,2,yue,yuè
f,邻,2,lin,lín
f,璃,2,li,lí
f,汶,2,wen,wèn
f,览,2,lan,lǎn
f,变,2,bian,biàn
f,夷,2,yi,yí
f,炜,2,wei,wěi
f,绛,2,jiang,jiàng
f,东,2,dong,dōng
f,淼,2,miao,miǎo
f,粒,2,li,lì
f,桢,2,zhen,zhēn
f,今,2,jin,jīn
f,焱,2,yan,yàn
f,洒,2,sa,sǎ
f,淡,2,dan,dàn
f,鱼,2,yu,yú
f,凰,2,huang,huáng
f,棋,2,qi,qí
f,柯,2,ke,kē
f,色,2,se,sè
f,茅,2,mao,máo
f,绵,2,mian,mián
f,慰,2,wei,wèi
f,侬,2,nong,nóng
f,瑄,2,xuan,xuān
f,路,2,lu,lù
f,荪,2,sun,sūn
f,滨,2,bin,bīn
f,珞,2,luo,luò
f,威,2,wei,wēi
f,瑚,2,hu,hú
f,完,2,wan,wán
f,线,2,xian,xiàn
f,年,2,nian,nián
f,煜,2,yu,yù
f,翡,2,fei,fěi
f,倚,2,yi,yǐ
f,玎,2,ding,dīng
f,翻,2,fan,fān
f,菜,2,cai,cài
f,汕,2,shan,shàn
f,桥,2,qiao,qiáo
f,绢,2,juan,juàn
f,村,2,cun,cūn
f,纱,2,sha,shā
f,巾,2,jin,jīn
f,示,2,shi,shì
f,十,2,shi,shí
f,程,2,cheng,chéng
f,唱,2,chang,chàng
f,丁,2,ding,dīng
f,齐,2,qi,qí
f,亦,2,yi,yì
f,草,2,cao,cǎo
f,分,2,fen,fēn
f,味,2,wei,wèi
f,稀,2,xi,xī
f,蘅,2,heng,héng
f,弘,2,hong,hóng
f,匀,2,yun,yún
f,缓,2,huan,huǎn
f,夜,2,ye,yè
f,时,2,shi,shí
f,足,2,zu,zú
f,热,2,re,rè
f,畅,2,chang,chàng
f,珉,2,min,mín
f,联,2,lian,lián
f,针,2,zhen,zhēn
f,衣,2,yi,yī
f,庵,2,an,ān
f,苒,2,ran,rǎn
f,育,2,yu,yù
f,晚,2,wan,wǎn
f,蛟,2,jiao,jiāo
f,陶,2,tao,táo
f,尾,2,wei,wěi
f,砚,2,yan,yàn
f,夙,2,su,sù
f,坚,2,jian,jiān
f,咪,2,mi,mī
f,公,2,gong,gōng
f,闻,2,wen,wén
f,翩,2,pian,piān
f,鸯,2,yang,yāng
f,唤,2,huan,huàn
f,瓦,2,wa,wǎ
f,荆,2,jing,jīng
f,霭,2,ai,ǎi
f,泽,2,ze,zé
f,带,2,dai,dài
f,鞠,2,ju,jū
f,榴,2,liu,liú
f,秧,2,yang,yāng
f,息,2,xi,xī
f,裙,2,qun,qún
f,浣,2,huan,huàn
f,竞,2,jing,jìng
f,为,2,wei,wèi
f,醒,2,xing,xǐng
f,恒,2,heng,héng
f,义,2,yi,yì
f,逗,2,dou,dòu
f,润,2,run,rùn
f,野,2,ye,yě
f,牵,2,qian,qiān
f,航,2,hang,háng
f,秦,2,qin,qín
f,醉,2,zui,zuì
f,允,2,yun,yǔn
f,浮,2,fu,fú
f,建,2,jian,jiàn
f,戎,2,rong,róng
f,水,2,shui,shuǐ
f,郦,2,li,lì
f,乡,2,xiang,xiāng
f,因,2,yin,yīn
f,滋,2,zi,zī
f,陵,2,ling,líng
f,健,2,jian,jiàn
f,崔,2,cui,cuī
f,椒,2,jiao,jiāo
f,释,2,shi,shì
f,赏,2,shang,shǎng
f,幸,2,xing,xìng
f,毅,2,yi,yì
f,间,2,jian,jiān
f,蔼,2,ai,ǎi
f,杭,2,hang,háng
f,梓,2,zi,zǐ
f,调,2,diao,diào
f,季,2,ji,jì
f,宾,2,bin,bīn
f,芩,2,qin,qín
f,成,2,cheng,chéng
f,鹿,2,lu,lù
f,渊,2,yuan,yuān
f,骅,2,hua,huá
f,璋,2,zhang,zhāng
f,菀,2,wan,wǎn
f,凉,2,liang,liáng
f,麒,2,qi,qí
f,棉,2,mian,mián
f,禅,2,chan,chán
f,棣,2,di,dì
f,则,2,ze,zé
f,行,2,xing,xíng
f,名,2,ming,míng
f,玑,2,ji,jī
f,当,2,dang,dāng
f,榆,2,yu,yú
f,沛,2,pei,pèi
f,硕,2,shuo,shuò
f,临,2,lin,lín
f,仁,2,ren,rén
f,趣,2,qu,qù
f,钿,2,dian,diàn
f,轶,2,yi,yì
f,丰,2,feng,fēng
f,庭,2,ting,tíng
f,嫩,2,nen,nèn
f,德,2,de,dé
f,粤,2,yue,yuè
f,品,2,pin,pǐn
f,舫,2,fang,fǎng
f,山,2,shan,shān
f,妞,2,niu,niū
f,染,2,ran,rǎn
f,秒,2,miao,miǎo
f,峡,2,xia,xiá
f,娄,2,lou,lóu
f,赟,2,yun,yūn
f,夕,2,xi,xī
f,寅,2,yin,yín
f,汀,2,ting,tīng
f,锐,2,rui,ruì
f,衍,2,yan,yǎn
f,琇,2,xiu,xiù
f,湄,2,mei,méi
f,吾,2,wu,wú
f,谦,2,qian,qiān
f,存,2,cun,cún
f,延,2,yan,yán
f,得,2,de,dé
f,磊,2,lei,lěi
f,声,2,sheng,shēng
f,卫,2,wei,wèi
f,姚,2,yao,yáo
f,曲,2,qu,qū
f,远,2,yuan,yuǎn
f,知,2,zhi,zhī
f,志,2,zhi,zhì
f,仔,2,zai,zǎi
f,余,2,yu,yú
f,梵,2,fan,fàn
f,繁,2,fan,fán
f,运,2,yun,yùn
f,寄,2,ji,jì
f,牡,2,mu,mǔ
f,墀,2,chi,chí
f,澄,2,cheng,chéng
f,垠,2,yin,yín
f,贵,2,gui,guì
f,鄂,2,e,è
f,宣,2,xuan,xuān
f,昭,2,zhao,zhāo
f,谨,2,jin,jǐn
f,詹,2,zhan,zhān
f,罗,2,luo,luó
f,查,2,cha,chá
f,翥,2,zhu,zhù
f,开,2,kai,kāi
f,昆,2,kun,kūn
f,俞,2,yu,yú
f,奴,2,nu,nú
f,拙,2,zhuo,zhuō
f,铮,2,zheng,zhēng
f,娱,2,yu,yú
f,磬,2,qing,qìng
f,栖,2,qi,qī
f,跳,2,tiao,tiào
f,家,2,jia,jiā
f,琅,2,lang,láng
f,稳,2,wen,wěn
f,郡,2,jun,jùn
f,玄,2,xuan,xuán
f,壬,2,ren,rén
f,中,2,zhong,zhōng
f,慎,2,shen,shèn
f,狄,2,di,dí
f,铧,2,hua,huá
f,泉,2,quan,quán
f,雄,2,xiong,xióng
f,笙,2,sheng,shēng
f,进,2,jin,jìn
f,钟,2,zhong,zhōng
f,束,2,shu,shù
f,危,2,wei,wēi
f,亲,2,qin,qīn
f,历,2,li,lì
f,峤,2,jiao,jiào
f,修,2,xiu,xiū
f,陌,2,mo,mò
f,宰,2,zai,zǎi
f,钻,2,zuan,zuān
f,喆,2,zhe,zhé
f,栾,2,luan,luán
f,鲍,2,bao,bào
f,三,2,san,sān
f,康,2,kang,kāng
f,笔,2,bi,bǐ
f,蕤,2,rui,ruí
f,韶,2,shao,sháo
f,致,2,zhi,zhì
f,廉,2,lian,lián
f,帅,2,shuai,shuài
f,翊,2,yi,yì
f,抱,2,bao,bào
f,丫,2,ya,yā
f,念,2,nian,niàn
f,豫,2,yu,yù
f,灿,2,can,càn
f,乌,2,wu,wū
f,益,2,yi,yì
f,倪,2,ni,ní
f,喜,2,xi,xǐ
f,霆,2,ting,tíng
f,嵘,2,rong,róng
f,邹,2,zou,zōu
f,农,2,nong,nóng
f,李,2,li,lǐ
f,晏,2,yan,yàn
f,观,2,guan,guān
f,伽,2,ga,gā
f,衡,2,heng,héng
f,祉,2,zhi,zhǐ
f,谷,2,gu,gǔ
f,筝,2,zheng,zhēng
f,戈,2,ge,gē
f,旸,2,yang,yáng
f,帼,2,guo,guó
f,熠,2,yi,yì
f,洲,2,zhou,zhōu
f,争,2,zheng,zhēng
f,徽,2,hui,huī
f,石,2,shi,shí
f,璠,2,fan,fán
f,惟,2,wei,wéi
f,千,2,qian,qiān
f,翼,2,yi,yì
f,帝,2,di,dì
f,凯,2,kai,kǎi
f,洽,2,qia,qià
f,洵,2,xun,xún
f,鸳,2,yuan,yuān
f,节,2,jie,jié
f,勉,2,mian,miǎn
f,鲤,2,li,lǐ
f,鋆,2,yun,yún
f,翌,2,yi,yì
f,练,2,lian,liàn
f,瑕,2,xia,xiá
f,孝,2,xiao,xiào
f,气,2,qi,qì
f,钥,2,yao,yào
f,舸,2,ge,gě
f,酒,2,jiu,jiǔ
f,科,2,ke,kē
f,领,2,ling,lǐng
f,能,2,neng,néng
f,同,2,tong,tóng
f,薰,2,xun,xūn
f,里,2,li,lǐ
f,诒,2,yi,yí
f,仿,2,fang,fǎng
f,森,2,sen,sēn
f,展,2,zhan,zhǎn
f,榛,2,zhen,zhēn
f,督,2,du,dū
f,岱,2,dai,dài
f,尤,2,you,yóu
f,定,2,ding,dìng
f,祝,2,zhu,zhù
f,专,2,zhuan,zhuān
f,洛,2,luo,luò
f,泳,2,yong,yǒng
f,滕,2,teng,téng
f,植,2,zhi,zhí
f,觉,2,jue,jué
f,令,2,ling,lìng
f,襄,2,xiang,xiāng
f,初,2,chu,chū
f,朴,2,pu,pǔ
f,营,2,ying,yíng
f,塘,2,tang,táng
f,樵,2,qiao,qiáo
f,征,2,zheng,zhēng
f,荐,2,jian,jiàn
f,其,2,qi,qí
f,系,2,xi,xì
f,莽,2,mang,mǎng
f,琮,2,cong,cóng
f,原,2,yuan,yuán
f,去,2,qu,qù
f,复,2,fu,fù
f,细,2,xi,xì
f,代,2,dai,dài
f,瀚,2,han,hàn
f,甘,2,gan,gān
f,陆,2,lu,lù
f,序,2,xu,xù
f,添,2,tian,tiān
f,绫,2,ling,líng
f,者,2,zhe,zhě
f,介,2,jie,jiè
f,椿,2,chun,chūn
f,耳,2,er,ěr
f,炫,2,xuan,xuàn
f,珣,2,xun,xún
f,跃,2,yue,yuè
f,玺,2,xi,xǐ
f,崖,2,ya,yá
f,励,2,li,lì
f,彧,2,yu,yù
f,台,2,tai,tái
f,干,2,gan,gàn
f,羲,2,xi,xī
f,赞,2,zan,zàn
f,绎,2,yi,yì
f,燃,2,ran,rán
f,屿,2,yu,yǔ
f,赫,2,he,hè
f,锡,2,xi,xī
f,归,2,gui,guī
f,箴,2,zhen,zhēn
f,奚,2,xi,xī
f,婆,2,po,pó
f,漩,2,xuan,xuán
f,优,2,you,yōu
f,团,2,tuan,tuán
f,斓,2,lan,lán
f,藏,2,cang,cáng
f,想,2,xiang,xiǎng
f,径,2,jing,jìng
f,臣,2,chen,chén
f,普,2,pu,pǔ
f,生,2,sheng,shēng
f,头,2,tou,tóu
f,全,2,quan,quán
f,礼,2,li,lǐ
f,学,2,xue,xué
f,章,2,zhang,zhāng
f,垄,2,long,lǒng
f,佶,2,ji,jí
f,求,2,qiu,qiú
f,擎,2,qing,qíng
f,楼,2,lou,lóu
f,户,2,hu,hù
f,侨,2,qiao,qiáo
f,颍,2,ying,yǐng
f,兹,2,zi,zī
f,冶,2,ye,yě
f,樾,2,yue,yuè
f,栩,2,xu,xǔ
f,宸,2,chen,chén
f,禧,2,xi,xǐ
f,煌,2,huang,huáng
f,寰,2,huan,huán
f,颂,2,song,sòng
f,遐,2,xia,xiá
f,叔,2,shu,shū
f,业,2,ye,yè
f,聿,2,yu,yù
f,休,2,xiu,xiū
f,诚,2,cheng,chéng
f,雷,2,lei,léi
f,获,2,huo,huò
f,漾,2,yang,yàng
f,大,2,da,dà
f,黄,2,huang,huáng
f,翔,2,xiang,xiáng
f,淞,2,song,sōng
f,岳,2,yue,yuè
f,腾,2,teng,téng
f,二,2,er,èr
f,棱,2,leng,léng
f,简,2,jian,jiǎn
f,沂,2,yi,yí
f,崴,2,wai,wǎi
f,禺,2,yu,yú
f,骋,2,cheng,chěng
f,陈,2,chen,chén
f,珲,2,hui,huī
f,来,2,lai,lái
f,壹,2,yi,yī
f,沅,2,yuan,yuán
f,绶,2,shou,shòu
f,精,2,jing,jīng
f,倍,2,bei,bèi
f,宫,2,gong,gōng
f,参,2,can,cān
f,难,2,nan,nán
f,呈,2,cheng,chéng
f,也,2,ye,yě
f,震,2,zhen,zhèn
f,迟,2,chi,chí
f,克,2,ke,kè
f,客,2,ke,kè
f,纬,2,wei,wěi
f,顺,2,shun,shùn
f,柏,2,bai,bǎi
f,地,2,di,dì
f,锜,2,qi,qí
f,永,2,yong,yǒng
f,荫,2,yin,yīn
f,冠,2,guan,guān
f,措,2,cuo,cuò
f,磐,2,pan,pán
f,茨,2,ci,cí
f,少,2,shao,shǎo
f,申,2,shen,shēn
f,迷,2,mi,mí
f,乙,2,yi,yǐ
f,愚,2,yu,yú
f,怀,2,huai,huái
f,兴,2,xing,xīng
f,还,2,hai,hái
f,晋,2,jin,jìn
f,琢,2,zuo,zuó
f,解,2,jie,jiě
f,典,2,dian,diǎn
f,逊,2,xun,xùn
f,贺,2,he,hè
f,严,2,yan,yán
f,赢,2,ying,yíng
f,坦,2,tan,tǎn
f,峥,2,zheng,zhēng
f,烛,2,zhu,zhú
f,朱,2,zhu,zhū
f,度,2,du,dù
f,瀛,2,ying,yíng
f,桉,2,an,ān
f,虚,2,xu,xū
f,缇,2,ti,tí
f,稼,2,jia,jià
f,皇,2,huang,huáng
f,皓,2,hao,hào
f,灏,2,hao,hào
f,炀,2,yang,yáng
f,亿,2,yi,yì
f,涯,2,ya,yá
f,烁,2,shuo,shuò
f,师,2,shi,shī
f,岸,2,an,àn
f,而,2,er,ér
f,剑,2,jian,jiàn
